[
    {
        "id": "order-0",
        "positions": [
            "article-2995",
            "article-2377"
        ]
    },
    {
        "id": "order-1",
        "positions": [
            "article-2203",
            "article-872"
        ]
    },
    {
        "id": "order-2",
        "positions": [
            "article-2154",
            "article-1236"
        ]
    },
    {
        "id": "order-3",
        "positions": [
            "article-2675",
            "article-821",
            "article-992"
        ]
    },
    {
        "id": "order-4",
        "positions": [
            "article-2230",
            "article-249",
            "article-3323"
        ]
    },
    {
        "id": "order-5",
        "positions": [
            "article-1253",
            "article-678",
            "article-1387",
            "article-3000"
        ]
    },
    {
        "id": "order-6",
        "positions": [
            "article-2513",
            "article-1380",
            "article-692"
        ]
    },
    {
        "id": "order-7",
        "positions": [
            "article-1062",
            "article-2276",
            "article-3328",
            "article-3009"
        ]
    },
    {
        "id": "order-8",
        "positions": [
            "article-592",
            "article-451"
        ]
    },
    {
        "id": "order-9",
        "positions": [
            "article-516",
            "article-1073",
            "article-2329"
        ]
    },
    {
        "id": "order-10",
        "positions": [
            "article-2307",
            "article-835",
            "article-909"
        ]
    },
    {
        "id": "order-11",
        "positions": [
            "article-93",
            "article-1467"
        ]
    },
    {
        "id": "order-12",
        "positions": [
            "article-233",
            "article-584"
        ]
    },
    {
        "id": "order-13",
        "positions": [
            "article-831",
            "article-1806",
            "article-611"
        ]
    },
    {
        "id": "order-14",
        "positions": [
            "article-3233",
            "article-2881",
            "article-766"
        ]
    },
    {
        "id": "order-15",
        "positions": [
            "article-749",
            "article-390"
        ]
    },
    {
        "id": "order-16",
        "positions": [
            "article-1785",
            "article-3079",
            "article-1057"
        ]
    },
    {
        "id": "order-17",
        "positions": [
            "article-1255",
            "article-1723",
            "article-508"
        ]
    },
    {
        "id": "order-18",
        "positions": [
            "article-3103",
            "article-2517"
        ]
    },
    {
        "id": "order-19",
        "positions": [
            "article-839",
            "article-2323"
        ]
    },
    {
        "id": "order-20",
        "positions": [
            "article-912",
            "article-2965"
        ]
    },
    {
        "id": "order-21",
        "positions": [
            "article-299",
            "article-2546"
        ]
    },
    {
        "id": "order-22",
        "positions": [
            "article-2533",
            "article-3252",
            "article-1122",
            "article-78"
        ]
    },
    {
        "id": "order-23",
        "positions": [
            "article-401",
            "article-267"
        ]
    },
    {
        "id": "order-24",
        "positions": [
            "article-2527",
            "article-594"
        ]
    },
    {
        "id": "order-25",
        "positions": [
            "article-317",
            "article-245"
        ]
    },
    {
        "id": "order-26",
        "positions": [
            "article-2948",
            "article-2662"
        ]
    },
    {
        "id": "order-27",
        "positions": [
            "article-2357",
            "article-1902"
        ]
    },
    {
        "id": "order-28",
        "positions": [
            "article-2264",
            "article-3209"
        ]
    },
    {
        "id": "order-29",
        "positions": [
            "article-3140",
            "article-888",
            "article-1692",
            "article-2326"
        ]
    },
    {
        "id": "order-30",
        "positions": [
            "article-2489",
            "article-1803",
            "article-1492",
            "article-1984"
        ]
    },
    {
        "id": "order-31",
        "positions": [
            "article-1515",
            "article-1676",
            "article-3005"
        ]
    },
    {
        "id": "order-32",
        "positions": [
            "article-976",
            "article-2345",
            "article-1189"
        ]
    },
    {
        "id": "order-33",
        "positions": [
            "article-3050",
            "article-1600"
        ]
    },
    {
        "id": "order-34",
        "positions": [
            "article-1022",
            "article-2028",
            "article-851"
        ]
    },
    {
        "id": "order-35",
        "positions": [
            "article-2672",
            "article-795",
            "article-947"
        ]
    },
    {
        "id": "order-36",
        "positions": [
            "article-2718",
            "article-1977"
        ]
    },
    {
        "id": "order-37",
        "positions": [
            "article-2151",
            "article-1312"
        ]
    },
    {
        "id": "order-38",
        "positions": [
            "article-1755",
            "article-949"
        ]
    },
    {
        "id": "order-39",
        "positions": [
            "article-1182",
            "article-1461",
            "article-3262"
        ]
    },
    {
        "id": "order-40",
        "positions": [
            "article-2289",
            "article-2088",
            "article-1286"
        ]
    },
    {
        "id": "order-41",
        "positions": [
            "article-1308",
            "article-115"
        ]
    },
    {
        "id": "order-42",
        "positions": [
            "article-1732",
            "article-14",
            "article-114"
        ]
    },
    {
        "id": "order-43",
        "positions": [
            "article-1303",
            "article-2440",
            "article-2930",
            "article-1563"
        ]
    },
    {
        "id": "order-44",
        "positions": [
            "article-2294",
            "article-895",
            "article-3297"
        ]
    },
    {
        "id": "order-45",
        "positions": [
            "article-1772",
            "article-3035"
        ]
    },
    {
        "id": "order-46",
        "positions": [
            "article-457",
            "article-1952",
            "article-1033"
        ]
    },
    {
        "id": "order-47",
        "positions": [
            "article-920",
            "article-2980",
            "article-2294"
        ]
    },
    {
        "id": "order-48",
        "positions": [
            "article-3097",
            "article-40",
            "article-2467",
            "article-2321"
        ]
    },
    {
        "id": "order-49",
        "positions": [
            "article-2143",
            "article-1881"
        ]
    },
    {
        "id": "order-50",
        "positions": [
            "article-92",
            "article-1827"
        ]
    },
    {
        "id": "order-51",
        "positions": [
            "article-1538",
            "article-2786"
        ]
    },
    {
        "id": "order-52",
        "positions": [
            "article-1189",
            "article-2334"
        ]
    },
    {
        "id": "order-53",
        "positions": [
            "article-281",
            "article-1696",
            "article-1795",
            "article-2017"
        ]
    },
    {
        "id": "order-54",
        "positions": [
            "article-974",
            "article-653"
        ]
    },
    {
        "id": "order-55",
        "positions": [
            "article-36",
            "article-1762"
        ]
    },
    {
        "id": "order-56",
        "positions": [
            "article-2549",
            "article-1770",
            "article-94",
            "article-1943"
        ]
    },
    {
        "id": "order-57",
        "positions": [
            "article-468",
            "article-335"
        ]
    },
    {
        "id": "order-58",
        "positions": [
            "article-811",
            "article-1355"
        ]
    },
    {
        "id": "order-59",
        "positions": [
            "article-1768",
            "article-2569",
            "article-1178"
        ]
    },
    {
        "id": "order-60",
        "positions": [
            "article-1925",
            "article-2374"
        ]
    },
    {
        "id": "order-61",
        "positions": [
            "article-62",
            "article-2605"
        ]
    },
    {
        "id": "order-62",
        "positions": [
            "article-1851",
            "article-3149"
        ]
    },
    {
        "id": "order-63",
        "positions": [
            "article-2252",
            "article-59"
        ]
    },
    {
        "id": "order-64",
        "positions": [
            "article-3321",
            "article-3032"
        ]
    },
    {
        "id": "order-65",
        "positions": [
            "article-1440",
            "article-700",
            "article-857"
        ]
    },
    {
        "id": "order-66",
        "positions": [
            "article-384",
            "article-1839",
            "article-2639"
        ]
    },
    {
        "id": "order-67",
        "positions": [
            "article-1073",
            "article-1185"
        ]
    },
    {
        "id": "order-68",
        "positions": [
            "article-2196",
            "article-1022"
        ]
    },
    {
        "id": "order-69",
        "positions": [
            "article-200",
            "article-1461",
            "article-1051"
        ]
    },
    {
        "id": "order-70",
        "positions": [
            "article-233",
            "article-2363",
            "article-1861"
        ]
    },
    {
        "id": "order-71",
        "positions": [
            "article-180",
            "article-1421"
        ]
    },
    {
        "id": "order-72",
        "positions": [
            "article-642",
            "article-1419",
            "article-2519"
        ]
    },
    {
        "id": "order-73",
        "positions": [
            "article-3186",
            "article-828"
        ]
    },
    {
        "id": "order-74",
        "positions": [
            "article-2107",
            "article-841",
            "article-2029"
        ]
    },
    {
        "id": "order-75",
        "positions": [
            "article-1610",
            "article-753"
        ]
    },
    {
        "id": "order-76",
        "positions": [
            "article-2420",
            "article-2068",
            "article-487"
        ]
    },
    {
        "id": "order-77",
        "positions": [
            "article-3297",
            "article-3329"
        ]
    },
    {
        "id": "order-78",
        "positions": [
            "article-223",
            "article-1047",
            "article-629",
            "article-2719"
        ]
    },
    {
        "id": "order-79",
        "positions": [
            "article-1905",
            "article-806"
        ]
    },
    {
        "id": "order-80",
        "positions": [
            "article-1194",
            "article-3273",
            "article-2753",
            "article-1817"
        ]
    },
    {
        "id": "order-81",
        "positions": [
            "article-1605",
            "article-2532"
        ]
    },
    {
        "id": "order-82",
        "positions": [
            "article-2701",
            "article-224",
            "article-1742",
            "article-747"
        ]
    },
    {
        "id": "order-83",
        "positions": [
            "article-3035",
            "article-2897"
        ]
    },
    {
        "id": "order-84",
        "positions": [
            "article-2096",
            "article-1925"
        ]
    },
    {
        "id": "order-85",
        "positions": [
            "article-3192",
            "article-1561"
        ]
    },
    {
        "id": "order-86",
        "positions": [
            "article-1444",
            "article-2788"
        ]
    },
    {
        "id": "order-87",
        "positions": [
            "article-1111",
            "article-205"
        ]
    },
    {
        "id": "order-88",
        "positions": [
            "article-890",
            "article-2991"
        ]
    },
    {
        "id": "order-89",
        "positions": [
            "article-3256",
            "article-3096",
            "article-1787"
        ]
    },
    {
        "id": "order-90",
        "positions": [
            "article-2517",
            "article-2830",
            "article-2667"
        ]
    },
    {
        "id": "order-91",
        "positions": [
            "article-287",
            "article-618"
        ]
    },
    {
        "id": "order-92",
        "positions": [
            "article-2899",
            "article-790"
        ]
    },
    {
        "id": "order-93",
        "positions": [
            "article-2768",
            "article-2285",
            "article-1789"
        ]
    },
    {
        "id": "order-94",
        "positions": [
            "article-2953",
            "article-1261",
            "article-2145"
        ]
    },
    {
        "id": "order-95",
        "positions": [
            "article-798",
            "article-2749",
            "article-1165"
        ]
    },
    {
        "id": "order-96",
        "positions": [
            "article-603",
            "article-2081"
        ]
    },
    {
        "id": "order-97",
        "positions": [
            "article-550",
            "article-184"
        ]
    },
    {
        "id": "order-98",
        "positions": [
            "article-994",
            "article-3279"
        ]
    },
    {
        "id": "order-99",
        "positions": [
            "article-2758",
            "article-1746"
        ]
    },
    {
        "id": "order-100",
        "positions": [
            "article-280",
            "article-1026",
            "article-1931",
            "article-1941"
        ]
    },
    {
        "id": "order-101",
        "positions": [
            "article-1781",
            "article-2170"
        ]
    },
    {
        "id": "order-102",
        "positions": [
            "article-749",
            "article-1958"
        ]
    },
    {
        "id": "order-103",
        "positions": [
            "article-2046",
            "article-2019",
            "article-2267",
            "article-2556"
        ]
    },
    {
        "id": "order-104",
        "positions": [
            "article-2245",
            "article-2987"
        ]
    },
    {
        "id": "order-105",
        "positions": [
            "article-2116",
            "article-571"
        ]
    },
    {
        "id": "order-106",
        "positions": [
            "article-2883",
            "article-432",
            "article-2879"
        ]
    },
    {
        "id": "order-107",
        "positions": [
            "article-1510",
            "article-9"
        ]
    },
    {
        "id": "order-108",
        "positions": [
            "article-1842",
            "article-1658",
            "article-1410",
            "article-612"
        ]
    },
    {
        "id": "order-109",
        "positions": [
            "article-452",
            "article-1701",
            "article-2987"
        ]
    },
    {
        "id": "order-110",
        "positions": [
            "article-1712",
            "article-565"
        ]
    },
    {
        "id": "order-111",
        "positions": [
            "article-2226",
            "article-740",
            "article-1800",
            "article-917",
            "article-197"
        ]
    },
    {
        "id": "order-112",
        "positions": [
            "article-2084",
            "article-1537",
            "article-2177"
        ]
    },
    {
        "id": "order-113",
        "positions": [
            "article-2332",
            "article-1361",
            "article-518"
        ]
    },
    {
        "id": "order-114",
        "positions": [
            "article-2466",
            "article-2000",
            "article-944"
        ]
    },
    {
        "id": "order-115",
        "positions": [
            "article-1796",
            "article-181",
            "article-444"
        ]
    },
    {
        "id": "order-116",
        "positions": [
            "article-585",
            "article-766"
        ]
    },
    {
        "id": "order-117",
        "positions": [
            "article-2064",
            "article-2288"
        ]
    },
    {
        "id": "order-118",
        "positions": [
            "article-776",
            "article-2835",
            "article-1542"
        ]
    },
    {
        "id": "order-119",
        "positions": [
            "article-6",
            "article-1781",
            "article-3020"
        ]
    },
    {
        "id": "order-120",
        "positions": [
            "article-2282",
            "article-1459"
        ]
    },
    {
        "id": "order-121",
        "positions": [
            "article-1444",
            "article-542",
            "article-1240"
        ]
    },
    {
        "id": "order-122",
        "positions": [
            "article-848",
            "article-2405",
            "article-2317"
        ]
    },
    {
        "id": "order-123",
        "positions": [
            "article-490",
            "article-1232"
        ]
    },
    {
        "id": "order-124",
        "positions": [
            "article-2855",
            "article-1316",
            "article-627"
        ]
    },
    {
        "id": "order-125",
        "positions": [
            "article-1543",
            "article-917",
            "article-953"
        ]
    },
    {
        "id": "order-126",
        "positions": [
            "article-1581",
            "article-3068",
            "article-2023",
            "article-2156"
        ]
    },
    {
        "id": "order-127",
        "positions": [
            "article-2996",
            "article-1203",
            "article-645"
        ]
    },
    {
        "id": "order-128",
        "positions": [
            "article-1536",
            "article-205"
        ]
    },
    {
        "id": "order-129",
        "positions": [
            "article-2594",
            "article-2979"
        ]
    },
    {
        "id": "order-130",
        "positions": [
            "article-2466",
            "article-44",
            "article-74"
        ]
    },
    {
        "id": "order-131",
        "positions": [
            "article-781",
            "article-1524"
        ]
    },
    {
        "id": "order-132",
        "positions": [
            "article-2940",
            "article-2076",
            "article-1653"
        ]
    },
    {
        "id": "order-133",
        "positions": [
            "article-3162",
            "article-2620"
        ]
    },
    {
        "id": "order-134",
        "positions": [
            "article-2794",
            "article-150",
            "article-2741"
        ]
    },
    {
        "id": "order-135",
        "positions": [
            "article-3235",
            "article-1396",
            "article-3199",
            "article-1832",
            "article-781"
        ]
    },
    {
        "id": "order-136",
        "positions": [
            "article-964",
            "article-1334"
        ]
    },
    {
        "id": "order-137",
        "positions": [
            "article-2663",
            "article-315",
            "article-1020"
        ]
    },
    {
        "id": "order-138",
        "positions": [
            "article-1296",
            "article-1172"
        ]
    },
    {
        "id": "order-139",
        "positions": [
            "article-2759",
            "article-2471",
            "article-2919"
        ]
    },
    {
        "id": "order-140",
        "positions": [
            "article-355",
            "article-3006",
            "article-2961",
            "article-762",
            "article-1784"
        ]
    },
    {
        "id": "order-141",
        "positions": [
            "article-673",
            "article-1868"
        ]
    },
    {
        "id": "order-142",
        "positions": [
            "article-1507",
            "article-341"
        ]
    },
    {
        "id": "order-143",
        "positions": [
            "article-2712",
            "article-1108"
        ]
    },
    {
        "id": "order-144",
        "positions": [
            "article-2684",
            "article-2769",
            "article-2475"
        ]
    },
    {
        "id": "order-145",
        "positions": [
            "article-1442",
            "article-2807",
            "article-2977"
        ]
    },
    {
        "id": "order-146",
        "positions": [
            "article-582",
            "article-1267",
            "article-406"
        ]
    },
    {
        "id": "order-147",
        "positions": [
            "article-3010",
            "article-3060",
            "article-2384"
        ]
    },
    {
        "id": "order-148",
        "positions": [
            "article-657",
            "article-2204"
        ]
    },
    {
        "id": "order-149",
        "positions": [
            "article-2284",
            "article-3274",
            "article-2664"
        ]
    },
    {
        "id": "order-150",
        "positions": [
            "article-2934",
            "article-948"
        ]
    },
    {
        "id": "order-151",
        "positions": [
            "article-2147",
            "article-1060",
            "article-434",
            "article-2286"
        ]
    },
    {
        "id": "order-152",
        "positions": [
            "article-2727",
            "article-1481"
        ]
    },
    {
        "id": "order-153",
        "positions": [
            "article-1810",
            "article-2793"
        ]
    },
    {
        "id": "order-154",
        "positions": [
            "article-3266",
            "article-1550"
        ]
    },
    {
        "id": "order-155",
        "positions": [
            "article-281",
            "article-3241",
            "article-2939",
            "article-3019"
        ]
    },
    {
        "id": "order-156",
        "positions": [
            "article-2557",
            "article-54"
        ]
    },
    {
        "id": "order-157",
        "positions": [
            "article-515",
            "article-2502"
        ]
    },
    {
        "id": "order-158",
        "positions": [
            "article-763",
            "article-498"
        ]
    },
    {
        "id": "order-159",
        "positions": [
            "article-2020",
            "article-179",
            "article-632"
        ]
    },
    {
        "id": "order-160",
        "positions": [
            "article-1506",
            "article-1409",
            "article-758",
            "article-1728"
        ]
    },
    {
        "id": "order-161",
        "positions": [
            "article-2161",
            "article-3283"
        ]
    },
    {
        "id": "order-162",
        "positions": [
            "article-693",
            "article-2751"
        ]
    },
    {
        "id": "order-163",
        "positions": [
            "article-527",
            "article-760"
        ]
    },
    {
        "id": "order-164",
        "positions": [
            "article-1450",
            "article-3139"
        ]
    },
    {
        "id": "order-165",
        "positions": [
            "article-864",
            "article-546",
            "article-1245"
        ]
    },
    {
        "id": "order-166",
        "positions": [
            "article-2744",
            "article-393"
        ]
    },
    {
        "id": "order-167",
        "positions": [
            "article-1440",
            "article-1289",
            "article-1731",
            "article-1403"
        ]
    },
    {
        "id": "order-168",
        "positions": [
            "article-1751",
            "article-2788"
        ]
    },
    {
        "id": "order-169",
        "positions": [
            "article-1538",
            "article-1084"
        ]
    },
    {
        "id": "order-170",
        "positions": [
            "article-3309",
            "article-1892",
            "article-1054"
        ]
    },
    {
        "id": "order-171",
        "positions": [
            "article-492",
            "article-983"
        ]
    },
    {
        "id": "order-172",
        "positions": [
            "article-118",
            "article-1138"
        ]
    },
    {
        "id": "order-173",
        "positions": [
            "article-3325",
            "article-240"
        ]
    },
    {
        "id": "order-174",
        "positions": [
            "article-778",
            "article-1444",
            "article-2247"
        ]
    },
    {
        "id": "order-175",
        "positions": [
            "article-1217",
            "article-3204"
        ]
    },
    {
        "id": "order-176",
        "positions": [
            "article-1107",
            "article-1805"
        ]
    },
    {
        "id": "order-177",
        "positions": [
            "article-1707",
            "article-637"
        ]
    },
    {
        "id": "order-178",
        "positions": [
            "article-1966",
            "article-3093"
        ]
    },
    {
        "id": "order-179",
        "positions": [
            "article-2810",
            "article-2997",
            "article-690"
        ]
    },
    {
        "id": "order-180",
        "positions": [
            "article-546",
            "article-1954",
            "article-2694"
        ]
    },
    {
        "id": "order-181",
        "positions": [
            "article-3084",
            "article-699"
        ]
    },
    {
        "id": "order-182",
        "positions": [
            "article-1294",
            "article-3086"
        ]
    },
    {
        "id": "order-183",
        "positions": [
            "article-2179",
            "article-617"
        ]
    },
    {
        "id": "order-184",
        "positions": [
            "article-220",
            "article-1334"
        ]
    },
    {
        "id": "order-185",
        "positions": [
            "article-569",
            "article-2469"
        ]
    },
    {
        "id": "order-186",
        "positions": [
            "article-431",
            "article-977",
            "article-1223"
        ]
    },
    {
        "id": "order-187",
        "positions": [
            "article-321",
            "article-3111"
        ]
    },
    {
        "id": "order-188",
        "positions": [
            "article-1278",
            "article-352",
            "article-92"
        ]
    },
    {
        "id": "order-189",
        "positions": [
            "article-359",
            "article-1929",
            "article-1073"
        ]
    },
    {
        "id": "order-190",
        "positions": [
            "article-1374",
            "article-2903"
        ]
    },
    {
        "id": "order-191",
        "positions": [
            "article-2258",
            "article-2443",
            "article-1749",
            "article-1996"
        ]
    },
    {
        "id": "order-192",
        "positions": [
            "article-906",
            "article-2255",
            "article-1934",
            "article-3260",
            "article-2017"
        ]
    },
    {
        "id": "order-193",
        "positions": [
            "article-2043",
            "article-2587"
        ]
    },
    {
        "id": "order-194",
        "positions": [
            "article-3171",
            "article-203"
        ]
    },
    {
        "id": "order-195",
        "positions": [
            "article-3317",
            "article-1264"
        ]
    },
    {
        "id": "order-196",
        "positions": [
            "article-2328",
            "article-347"
        ]
    },
    {
        "id": "order-197",
        "positions": [
            "article-822",
            "article-1767",
            "article-1963",
            "article-3006"
        ]
    },
    {
        "id": "order-198",
        "positions": [
            "article-1958",
            "article-2332",
            "article-2214"
        ]
    },
    {
        "id": "order-199",
        "positions": [
            "article-2278",
            "article-67",
            "article-25",
            "article-807"
        ]
    },
    {
        "id": "order-200",
        "positions": [
            "article-936",
            "article-1651"
        ]
    },
    {
        "id": "order-201",
        "positions": [
            "article-2552",
            "article-1027",
            "article-133"
        ]
    },
    {
        "id": "order-202",
        "positions": [
            "article-523",
            "article-409",
            "article-1069"
        ]
    },
    {
        "id": "order-203",
        "positions": [
            "article-3177",
            "article-2492",
            "article-1310"
        ]
    },
    {
        "id": "order-204",
        "positions": [
            "article-1523",
            "article-2568",
            "article-2763"
        ]
    },
    {
        "id": "order-205",
        "positions": [
            "article-2760",
            "article-813",
            "article-2096"
        ]
    },
    {
        "id": "order-206",
        "positions": [
            "article-2229",
            "article-2575",
            "article-3268"
        ]
    },
    {
        "id": "order-207",
        "positions": [
            "article-2154",
            "article-2774",
            "article-386",
            "article-2716"
        ]
    },
    {
        "id": "order-208",
        "positions": [
            "article-889",
            "article-3096"
        ]
    },
    {
        "id": "order-209",
        "positions": [
            "article-1287",
            "article-1220"
        ]
    },
    {
        "id": "order-210",
        "positions": [
            "article-1003",
            "article-1513",
            "article-1384"
        ]
    },
    {
        "id": "order-211",
        "positions": [
            "article-2250",
            "article-2298",
            "article-1143"
        ]
    },
    {
        "id": "order-212",
        "positions": [
            "article-2352",
            "article-2326"
        ]
    },
    {
        "id": "order-213",
        "positions": [
            "article-1127",
            "article-3221"
        ]
    },
    {
        "id": "order-214",
        "positions": [
            "article-1255",
            "article-1333",
            "article-598"
        ]
    },
    {
        "id": "order-215",
        "positions": [
            "article-356",
            "article-3204"
        ]
    },
    {
        "id": "order-216",
        "positions": [
            "article-3189",
            "article-843",
            "article-3083"
        ]
    },
    {
        "id": "order-217",
        "positions": [
            "article-2908",
            "article-1193"
        ]
    },
    {
        "id": "order-218",
        "positions": [
            "article-1496",
            "article-858",
            "article-775"
        ]
    },
    {
        "id": "order-219",
        "positions": [
            "article-2935",
            "article-2405",
            "article-3203"
        ]
    },
    {
        "id": "order-220",
        "positions": [
            "article-2416",
            "article-3296"
        ]
    },
    {
        "id": "order-221",
        "positions": [
            "article-1593",
            "article-2847"
        ]
    },
    {
        "id": "order-222",
        "positions": [
            "article-1370",
            "article-1428"
        ]
    },
    {
        "id": "order-223",
        "positions": [
            "article-2975",
            "article-1143",
            "article-478"
        ]
    },
    {
        "id": "order-224",
        "positions": [
            "article-1695",
            "article-3163",
            "article-462"
        ]
    },
    {
        "id": "order-225",
        "positions": [
            "article-110",
            "article-799"
        ]
    },
    {
        "id": "order-226",
        "positions": [
            "article-391",
            "article-1281",
            "article-417",
            "article-389",
            "article-1054"
        ]
    },
    {
        "id": "order-227",
        "positions": [
            "article-1561",
            "article-1132",
            "article-3258"
        ]
    },
    {
        "id": "order-228",
        "positions": [
            "article-3216",
            "article-2171",
            "article-1086"
        ]
    },
    {
        "id": "order-229",
        "positions": [
            "article-1414",
            "article-126",
            "article-306"
        ]
    },
    {
        "id": "order-230",
        "positions": [
            "article-1601",
            "article-533"
        ]
    },
    {
        "id": "order-231",
        "positions": [
            "article-2636",
            "article-2573",
            "article-3299"
        ]
    },
    {
        "id": "order-232",
        "positions": [
            "article-1137",
            "article-3099",
            "article-2620",
            "article-529",
            "article-1078"
        ]
    },
    {
        "id": "order-233",
        "positions": [
            "article-2800",
            "article-3087",
            "article-940",
            "article-725",
            "article-2555",
            "article-386"
        ]
    },
    {
        "id": "order-234",
        "positions": [
            "article-2420",
            "article-2153"
        ]
    },
    {
        "id": "order-235",
        "positions": [
            "article-2527",
            "article-2335"
        ]
    },
    {
        "id": "order-236",
        "positions": [
            "article-255",
            "article-2020",
            "article-3201"
        ]
    },
    {
        "id": "order-237",
        "positions": [
            "article-1012",
            "article-2322",
            "article-2446"
        ]
    },
    {
        "id": "order-238",
        "positions": [
            "article-2341",
            "article-2009",
            "article-146"
        ]
    },
    {
        "id": "order-239",
        "positions": [
            "article-1790",
            "article-2738"
        ]
    },
    {
        "id": "order-240",
        "positions": [
            "article-566",
            "article-3058"
        ]
    },
    {
        "id": "order-241",
        "positions": [
            "article-3300",
            "article-317"
        ]
    },
    {
        "id": "order-242",
        "positions": [
            "article-2956",
            "article-739",
            "article-1693"
        ]
    },
    {
        "id": "order-243",
        "positions": [
            "article-2272",
            "article-3191"
        ]
    },
    {
        "id": "order-244",
        "positions": [
            "article-2195",
            "article-1134"
        ]
    },
    {
        "id": "order-245",
        "positions": [
            "article-1100",
            "article-1761",
            "article-2567"
        ]
    },
    {
        "id": "order-246",
        "positions": [
            "article-2551",
            "article-1759",
            "article-388"
        ]
    },
    {
        "id": "order-247",
        "positions": [
            "article-847",
            "article-2709"
        ]
    },
    {
        "id": "order-248",
        "positions": [
            "article-891",
            "article-3251"
        ]
    },
    {
        "id": "order-249",
        "positions": [
            "article-3077",
            "article-2864"
        ]
    },
    {
        "id": "order-250",
        "positions": [
            "article-681",
            "article-1701"
        ]
    },
    {
        "id": "order-251",
        "positions": [
            "article-2215",
            "article-1217",
            "article-2579",
            "article-2928"
        ]
    },
    {
        "id": "order-252",
        "positions": [
            "article-1467",
            "article-170",
            "article-1423"
        ]
    },
    {
        "id": "order-253",
        "positions": [
            "article-596",
            "article-2639"
        ]
    },
    {
        "id": "order-254",
        "positions": [
            "article-762",
            "article-791",
            "article-346"
        ]
    },
    {
        "id": "order-255",
        "positions": [
            "article-3298",
            "article-1322"
        ]
    },
    {
        "id": "order-256",
        "positions": [
            "article-2160",
            "article-2797",
            "article-2983",
            "article-2705"
        ]
    },
    {
        "id": "order-257",
        "positions": [
            "article-1752",
            "article-1568"
        ]
    },
    {
        "id": "order-258",
        "positions": [
            "article-1350",
            "article-69",
            "article-2947"
        ]
    },
    {
        "id": "order-259",
        "positions": [
            "article-2130",
            "article-1881"
        ]
    },
    {
        "id": "order-260",
        "positions": [
            "article-550",
            "article-2002",
            "article-1560"
        ]
    },
    {
        "id": "order-261",
        "positions": [
            "article-2833",
            "article-2056"
        ]
    },
    {
        "id": "order-262",
        "positions": [
            "article-3216",
            "article-624"
        ]
    },
    {
        "id": "order-263",
        "positions": [
            "article-3275",
            "article-1412",
            "article-1940"
        ]
    },
    {
        "id": "order-264",
        "positions": [
            "article-2185",
            "article-2928"
        ]
    },
    {
        "id": "order-265",
        "positions": [
            "article-408",
            "article-995"
        ]
    },
    {
        "id": "order-266",
        "positions": [
            "article-2050",
            "article-2698"
        ]
    },
    {
        "id": "order-267",
        "positions": [
            "article-2224",
            "article-1698"
        ]
    },
    {
        "id": "order-268",
        "positions": [
            "article-36",
            "article-3075"
        ]
    },
    {
        "id": "order-269",
        "positions": [
            "article-2038",
            "article-1960"
        ]
    },
    {
        "id": "order-270",
        "positions": [
            "article-206",
            "article-11"
        ]
    },
    {
        "id": "order-271",
        "positions": [
            "article-896",
            "article-2419"
        ]
    },
    {
        "id": "order-272",
        "positions": [
            "article-2260",
            "article-1124"
        ]
    },
    {
        "id": "order-273",
        "positions": [
            "article-68",
            "article-2839"
        ]
    },
    {
        "id": "order-274",
        "positions": [
            "article-886",
            "article-2523"
        ]
    },
    {
        "id": "order-275",
        "positions": [
            "article-2746",
            "article-680"
        ]
    },
    {
        "id": "order-276",
        "positions": [
            "article-3001",
            "article-205",
            "article-2562"
        ]
    },
    {
        "id": "order-277",
        "positions": [
            "article-2452",
            "article-1400",
            "article-2969",
            "article-1122"
        ]
    },
    {
        "id": "order-278",
        "positions": [
            "article-1630",
            "article-226",
            "article-448"
        ]
    },
    {
        "id": "order-279",
        "positions": [
            "article-826",
            "article-2256"
        ]
    },
    {
        "id": "order-280",
        "positions": [
            "article-458",
            "article-1564"
        ]
    },
    {
        "id": "order-281",
        "positions": [
            "article-2948",
            "article-465"
        ]
    },
    {
        "id": "order-282",
        "positions": [
            "article-1815",
            "article-1472"
        ]
    },
    {
        "id": "order-283",
        "positions": [
            "article-917",
            "article-2777"
        ]
    },
    {
        "id": "order-284",
        "positions": [
            "article-1433",
            "article-193",
            "article-1260"
        ]
    },
    {
        "id": "order-285",
        "positions": [
            "article-2502",
            "article-1938"
        ]
    },
    {
        "id": "order-286",
        "positions": [
            "article-1611",
            "article-3273"
        ]
    },
    {
        "id": "order-287",
        "positions": [
            "article-90",
            "article-1001",
            "article-2317",
            "article-322"
        ]
    },
    {
        "id": "order-288",
        "positions": [
            "article-1702",
            "article-1736"
        ]
    },
    {
        "id": "order-289",
        "positions": [
            "article-67",
            "article-1823"
        ]
    },
    {
        "id": "order-290",
        "positions": [
            "article-1436",
            "article-748"
        ]
    },
    {
        "id": "order-291",
        "positions": [
            "article-1331",
            "article-140",
            "article-2531"
        ]
    },
    {
        "id": "order-292",
        "positions": [
            "article-1643",
            "article-2129",
            "article-1972",
            "article-1529",
            "article-1944"
        ]
    },
    {
        "id": "order-293",
        "positions": [
            "article-634",
            "article-446",
            "article-1186"
        ]
    },
    {
        "id": "order-294",
        "positions": [
            "article-341",
            "article-2900",
            "article-311",
            "article-3226"
        ]
    },
    {
        "id": "order-295",
        "positions": [
            "article-1506",
            "article-1451"
        ]
    },
    {
        "id": "order-296",
        "positions": [
            "article-2527",
            "article-1031"
        ]
    },
    {
        "id": "order-297",
        "positions": [
            "article-1740",
            "article-274",
            "article-618"
        ]
    },
    {
        "id": "order-298",
        "positions": [
            "article-1414",
            "article-1295"
        ]
    },
    {
        "id": "order-299",
        "positions": [
            "article-321",
            "article-76"
        ]
    },
    {
        "id": "order-300",
        "positions": [
            "article-1691",
            "article-2861",
            "article-41"
        ]
    },
    {
        "id": "order-301",
        "positions": [
            "article-2241",
            "article-2877"
        ]
    },
    {
        "id": "order-302",
        "positions": [
            "article-1574",
            "article-3219"
        ]
    },
    {
        "id": "order-303",
        "positions": [
            "article-2819",
            "article-3324"
        ]
    },
    {
        "id": "order-304",
        "positions": [
            "article-2245",
            "article-1933"
        ]
    },
    {
        "id": "order-305",
        "positions": [
            "article-1245",
            "article-3218",
            "article-2387"
        ]
    },
    {
        "id": "order-306",
        "positions": [
            "article-2845",
            "article-259",
            "article-1541",
            "article-263"
        ]
    },
    {
        "id": "order-307",
        "positions": [
            "article-2091",
            "article-484",
            "article-2866"
        ]
    },
    {
        "id": "order-308",
        "positions": [
            "article-1116",
            "article-2067",
            "article-2005",
            "article-1123"
        ]
    },
    {
        "id": "order-309",
        "positions": [
            "article-2061",
            "article-1179",
            "article-3098"
        ]
    },
    {
        "id": "order-310",
        "positions": [
            "article-1458",
            "article-2619",
            "article-427",
            "article-783",
            "article-2968"
        ]
    },
    {
        "id": "order-311",
        "positions": [
            "article-1759",
            "article-1187"
        ]
    },
    {
        "id": "order-312",
        "positions": [
            "article-308",
            "article-2217",
            "article-1411"
        ]
    },
    {
        "id": "order-313",
        "positions": [
            "article-2147",
            "article-2914",
            "article-1421"
        ]
    },
    {
        "id": "order-314",
        "positions": [
            "article-417",
            "article-692"
        ]
    },
    {
        "id": "order-315",
        "positions": [
            "article-2873",
            "article-604"
        ]
    },
    {
        "id": "order-316",
        "positions": [
            "article-437",
            "article-2124"
        ]
    },
    {
        "id": "order-317",
        "positions": [
            "article-905",
            "article-306",
            "article-541"
        ]
    },
    {
        "id": "order-318",
        "positions": [
            "article-2130",
            "article-244"
        ]
    },
    {
        "id": "order-319",
        "positions": [
            "article-1642",
            "article-2761",
            "article-1872"
        ]
    },
    {
        "id": "order-320",
        "positions": [
            "article-817",
            "article-3176"
        ]
    },
    {
        "id": "order-321",
        "positions": [
            "article-189",
            "article-1832",
            "article-2172"
        ]
    },
    {
        "id": "order-322",
        "positions": [
            "article-1970",
            "article-2071"
        ]
    },
    {
        "id": "order-323",
        "positions": [
            "article-2037",
            "article-325"
        ]
    },
    {
        "id": "order-324",
        "positions": [
            "article-1590",
            "article-2828",
            "article-2983",
            "article-1789"
        ]
    },
    {
        "id": "order-325",
        "positions": [
            "article-842",
            "article-535"
        ]
    },
    {
        "id": "order-326",
        "positions": [
            "article-2582",
            "article-1530",
            "article-915"
        ]
    },
    {
        "id": "order-327",
        "positions": [
            "article-1161",
            "article-922"
        ]
    },
    {
        "id": "order-328",
        "positions": [
            "article-1437",
            "article-582"
        ]
    },
    {
        "id": "order-329",
        "positions": [
            "article-1002",
            "article-2017",
            "article-1279",
            "article-199"
        ]
    },
    {
        "id": "order-330",
        "positions": [
            "article-1227",
            "article-293"
        ]
    },
    {
        "id": "order-331",
        "positions": [
            "article-397",
            "article-2002"
        ]
    },
    {
        "id": "order-332",
        "positions": [
            "article-101",
            "article-1967",
            "article-3230"
        ]
    },
    {
        "id": "order-333",
        "positions": [
            "article-678",
            "article-403",
            "article-71"
        ]
    },
    {
        "id": "order-334",
        "positions": [
            "article-2963",
            "article-1942",
            "article-3210"
        ]
    },
    {
        "id": "order-335",
        "positions": [
            "article-430",
            "article-3079",
            "article-748",
            "article-1810",
            "article-3159"
        ]
    },
    {
        "id": "order-336",
        "positions": [
            "article-916",
            "article-567",
            "article-2015"
        ]
    },
    {
        "id": "order-337",
        "positions": [
            "article-757",
            "article-226",
            "article-1547"
        ]
    },
    {
        "id": "order-338",
        "positions": [
            "article-807",
            "article-673"
        ]
    },
    {
        "id": "order-339",
        "positions": [
            "article-839",
            "article-216"
        ]
    },
    {
        "id": "order-340",
        "positions": [
            "article-118",
            "article-1965",
            "article-116"
        ]
    },
    {
        "id": "order-341",
        "positions": [
            "article-2886",
            "article-2796"
        ]
    },
    {
        "id": "order-342",
        "positions": [
            "article-422",
            "article-540",
            "article-2538"
        ]
    },
    {
        "id": "order-343",
        "positions": [
            "article-712",
            "article-1946",
            "article-3044"
        ]
    },
    {
        "id": "order-344",
        "positions": [
            "article-1538",
            "article-2225",
            "article-2348"
        ]
    },
    {
        "id": "order-345",
        "positions": [
            "article-2390",
            "article-1621"
        ]
    },
    {
        "id": "order-346",
        "positions": [
            "article-96",
            "article-2465",
            "article-1473"
        ]
    },
    {
        "id": "order-347",
        "positions": [
            "article-2993",
            "article-2336"
        ]
    },
    {
        "id": "order-348",
        "positions": [
            "article-593",
            "article-1528",
            "article-1669",
            "article-599"
        ]
    },
    {
        "id": "order-349",
        "positions": [
            "article-1571",
            "article-150",
            "article-1670",
            "article-1242"
        ]
    },
    {
        "id": "order-350",
        "positions": [
            "article-2748",
            "article-695"
        ]
    },
    {
        "id": "order-351",
        "positions": [
            "article-3067",
            "article-1932"
        ]
    },
    {
        "id": "order-352",
        "positions": [
            "article-1222",
            "article-2976",
            "article-734"
        ]
    },
    {
        "id": "order-353",
        "positions": [
            "article-1005",
            "article-1493",
            "article-358"
        ]
    },
    {
        "id": "order-354",
        "positions": [
            "article-1961",
            "article-3267"
        ]
    },
    {
        "id": "order-355",
        "positions": [
            "article-2521",
            "article-1554",
            "article-2857",
            "article-1311",
            "article-3297"
        ]
    },
    {
        "id": "order-356",
        "positions": [
            "article-1535",
            "article-520"
        ]
    },
    {
        "id": "order-357",
        "positions": [
            "article-2115",
            "article-1922",
            "article-893"
        ]
    },
    {
        "id": "order-358",
        "positions": [
            "article-127",
            "article-214"
        ]
    },
    {
        "id": "order-359",
        "positions": [
            "article-1506",
            "article-204"
        ]
    },
    {
        "id": "order-360",
        "positions": [
            "article-550",
            "article-1914",
            "article-1633"
        ]
    },
    {
        "id": "order-361",
        "positions": [
            "article-3130",
            "article-809",
            "article-1513"
        ]
    },
    {
        "id": "order-362",
        "positions": [
            "article-1135",
            "article-1812",
            "article-3244"
        ]
    },
    {
        "id": "order-363",
        "positions": [
            "article-1652",
            "article-2666"
        ]
    },
    {
        "id": "order-364",
        "positions": [
            "article-1554",
            "article-2620",
            "article-3265"
        ]
    },
    {
        "id": "order-365",
        "positions": [
            "article-2321",
            "article-149",
            "article-2693"
        ]
    },
    {
        "id": "order-366",
        "positions": [
            "article-390",
            "article-2030",
            "article-892"
        ]
    },
    {
        "id": "order-367",
        "positions": [
            "article-552",
            "article-1869"
        ]
    },
    {
        "id": "order-368",
        "positions": [
            "article-716",
            "article-1483"
        ]
    },
    {
        "id": "order-369",
        "positions": [
            "article-3230",
            "article-2410"
        ]
    },
    {
        "id": "order-370",
        "positions": [
            "article-2186",
            "article-164",
            "article-1478"
        ]
    },
    {
        "id": "order-371",
        "positions": [
            "article-1671",
            "article-319"
        ]
    },
    {
        "id": "order-372",
        "positions": [
            "article-2879",
            "article-731"
        ]
    },
    {
        "id": "order-373",
        "positions": [
            "article-1519",
            "article-1431"
        ]
    },
    {
        "id": "order-374",
        "positions": [
            "article-2278",
            "article-314",
            "article-933"
        ]
    },
    {
        "id": "order-375",
        "positions": [
            "article-731",
            "article-3290",
            "article-134"
        ]
    },
    {
        "id": "order-376",
        "positions": [
            "article-825",
            "article-366",
            "article-5",
            "article-3216"
        ]
    },
    {
        "id": "order-377",
        "positions": [
            "article-1598",
            "article-200"
        ]
    },
    {
        "id": "order-378",
        "positions": [
            "article-682",
            "article-2178"
        ]
    },
    {
        "id": "order-379",
        "positions": [
            "article-2456",
            "article-2124"
        ]
    },
    {
        "id": "order-380",
        "positions": [
            "article-1725",
            "article-1093",
            "article-592",
            "article-491"
        ]
    },
    {
        "id": "order-381",
        "positions": [
            "article-2283",
            "article-3038"
        ]
    },
    {
        "id": "order-382",
        "positions": [
            "article-819",
            "article-440",
            "article-1581",
            "article-3141"
        ]
    },
    {
        "id": "order-383",
        "positions": [
            "article-661",
            "article-1639"
        ]
    },
    {
        "id": "order-384",
        "positions": [
            "article-3293",
            "article-1893"
        ]
    },
    {
        "id": "order-385",
        "positions": [
            "article-3219",
            "article-2547"
        ]
    },
    {
        "id": "order-386",
        "positions": [
            "article-2573",
            "article-563"
        ]
    },
    {
        "id": "order-387",
        "positions": [
            "article-2880",
            "article-2476",
            "article-1036"
        ]
    },
    {
        "id": "order-388",
        "positions": [
            "article-440",
            "article-796"
        ]
    },
    {
        "id": "order-389",
        "positions": [
            "article-1813",
            "article-3091"
        ]
    },
    {
        "id": "order-390",
        "positions": [
            "article-2469",
            "article-1240",
            "article-2536"
        ]
    },
    {
        "id": "order-391",
        "positions": [
            "article-630",
            "article-1486"
        ]
    },
    {
        "id": "order-392",
        "positions": [
            "article-2035",
            "article-3097",
            "article-859",
            "article-971"
        ]
    },
    {
        "id": "order-393",
        "positions": [
            "article-1709",
            "article-2505"
        ]
    },
    {
        "id": "order-394",
        "positions": [
            "article-482",
            "article-1584"
        ]
    },
    {
        "id": "order-395",
        "positions": [
            "article-2292",
            "article-1083"
        ]
    },
    {
        "id": "order-396",
        "positions": [
            "article-559",
            "article-3264",
            "article-1376"
        ]
    },
    {
        "id": "order-397",
        "positions": [
            "article-3181",
            "article-1460"
        ]
    },
    {
        "id": "order-398",
        "positions": [
            "article-393",
            "article-1137"
        ]
    },
    {
        "id": "order-399",
        "positions": [
            "article-151",
            "article-2682"
        ]
    },
    {
        "id": "order-400",
        "positions": [
            "article-3128",
            "article-1589",
            "article-3149",
            "article-136"
        ]
    },
    {
        "id": "order-401",
        "positions": [
            "article-1304",
            "article-391"
        ]
    },
    {
        "id": "order-402",
        "positions": [
            "article-3279",
            "article-2887"
        ]
    },
    {
        "id": "order-403",
        "positions": [
            "article-2689",
            "article-350"
        ]
    },
    {
        "id": "order-404",
        "positions": [
            "article-2154",
            "article-802",
            "article-335",
            "article-706",
            "article-2142",
            "article-1058"
        ]
    },
    {
        "id": "order-405",
        "positions": [
            "article-1101",
            "article-2125",
            "article-3192"
        ]
    },
    {
        "id": "order-406",
        "positions": [
            "article-773",
            "article-3189"
        ]
    },
    {
        "id": "order-407",
        "positions": [
            "article-94",
            "article-2845",
            "article-2350"
        ]
    },
    {
        "id": "order-408",
        "positions": [
            "article-1809",
            "article-586"
        ]
    },
    {
        "id": "order-409",
        "positions": [
            "article-1203",
            "article-1307",
            "article-2350",
            "article-617"
        ]
    },
    {
        "id": "order-410",
        "positions": [
            "article-1330",
            "article-72",
            "article-463"
        ]
    },
    {
        "id": "order-411",
        "positions": [
            "article-2541",
            "article-732"
        ]
    },
    {
        "id": "order-412",
        "positions": [
            "article-1981",
            "article-1875",
            "article-2691"
        ]
    },
    {
        "id": "order-413",
        "positions": [
            "article-1522",
            "article-2424"
        ]
    },
    {
        "id": "order-414",
        "positions": [
            "article-419",
            "article-2400"
        ]
    },
    {
        "id": "order-415",
        "positions": [
            "article-1191",
            "article-2274"
        ]
    },
    {
        "id": "order-416",
        "positions": [
            "article-985",
            "article-1712"
        ]
    },
    {
        "id": "order-417",
        "positions": [
            "article-1673",
            "article-2316",
            "article-3108"
        ]
    },
    {
        "id": "order-418",
        "positions": [
            "article-1358",
            "article-443",
            "article-962"
        ]
    },
    {
        "id": "order-419",
        "positions": [
            "article-2738",
            "article-571",
            "article-1114"
        ]
    },
    {
        "id": "order-420",
        "positions": [
            "article-432",
            "article-431"
        ]
    },
    {
        "id": "order-421",
        "positions": [
            "article-2082",
            "article-707"
        ]
    },
    {
        "id": "order-422",
        "positions": [
            "article-2118",
            "article-566",
            "article-3130"
        ]
    },
    {
        "id": "order-423",
        "positions": [
            "article-2245",
            "article-2241",
            "article-1783"
        ]
    },
    {
        "id": "order-424",
        "positions": [
            "article-2669",
            "article-563"
        ]
    },
    {
        "id": "order-425",
        "positions": [
            "article-2623",
            "article-588"
        ]
    },
    {
        "id": "order-426",
        "positions": [
            "article-1690",
            "article-2484",
            "article-1427"
        ]
    },
    {
        "id": "order-427",
        "positions": [
            "article-724",
            "article-3094",
            "article-1402",
            "article-1862"
        ]
    },
    {
        "id": "order-428",
        "positions": [
            "article-2173",
            "article-258",
            "article-2252"
        ]
    },
    {
        "id": "order-429",
        "positions": [
            "article-1176",
            "article-2112"
        ]
    },
    {
        "id": "order-430",
        "positions": [
            "article-882",
            "article-2726",
            "article-2434",
            "article-769"
        ]
    },
    {
        "id": "order-431",
        "positions": [
            "article-1049",
            "article-2802"
        ]
    },
    {
        "id": "order-432",
        "positions": [
            "article-2148",
            "article-2536",
            "article-2873"
        ]
    },
    {
        "id": "order-433",
        "positions": [
            "article-437",
            "article-31",
            "article-668"
        ]
    },
    {
        "id": "order-434",
        "positions": [
            "article-160",
            "article-1213"
        ]
    },
    {
        "id": "order-435",
        "positions": [
            "article-2433",
            "article-2431"
        ]
    },
    {
        "id": "order-436",
        "positions": [
            "article-2774",
            "article-1484"
        ]
    },
    {
        "id": "order-437",
        "positions": [
            "article-243",
            "article-4",
            "article-1840",
            "article-2523"
        ]
    },
    {
        "id": "order-438",
        "positions": [
            "article-1157",
            "article-2978"
        ]
    },
    {
        "id": "order-439",
        "positions": [
            "article-780",
            "article-653"
        ]
    },
    {
        "id": "order-440",
        "positions": [
            "article-2754",
            "article-669",
            "article-828"
        ]
    },
    {
        "id": "order-441",
        "positions": [
            "article-2372",
            "article-2003",
            "article-1188"
        ]
    },
    {
        "id": "order-442",
        "positions": [
            "article-2818",
            "article-927",
            "article-2707",
            "article-1729",
            "article-2920"
        ]
    },
    {
        "id": "order-443",
        "positions": [
            "article-268",
            "article-879"
        ]
    },
    {
        "id": "order-444",
        "positions": [
            "article-175",
            "article-2790"
        ]
    },
    {
        "id": "order-445",
        "positions": [
            "article-3103",
            "article-3037"
        ]
    },
    {
        "id": "order-446",
        "positions": [
            "article-457",
            "article-3282",
            "article-1598"
        ]
    },
    {
        "id": "order-447",
        "positions": [
            "article-87",
            "article-23",
            "article-2545"
        ]
    },
    {
        "id": "order-448",
        "positions": [
            "article-1672",
            "article-1711"
        ]
    },
    {
        "id": "order-449",
        "positions": [
            "article-1354",
            "article-565"
        ]
    },
    {
        "id": "order-450",
        "positions": [
            "article-1456",
            "article-748",
            "article-549",
            "article-1124"
        ]
    },
    {
        "id": "order-451",
        "positions": [
            "article-107",
            "article-3184",
            "article-1479"
        ]
    },
    {
        "id": "order-452",
        "positions": [
            "article-2621",
            "article-1236"
        ]
    },
    {
        "id": "order-453",
        "positions": [
            "article-1945",
            "article-1369"
        ]
    },
    {
        "id": "order-454",
        "positions": [
            "article-2340",
            "article-2801"
        ]
    },
    {
        "id": "order-455",
        "positions": [
            "article-679",
            "article-3114"
        ]
    },
    {
        "id": "order-456",
        "positions": [
            "article-2949",
            "article-460",
            "article-2778"
        ]
    },
    {
        "id": "order-457",
        "positions": [
            "article-1965",
            "article-1852"
        ]
    },
    {
        "id": "order-458",
        "positions": [
            "article-3034",
            "article-1266",
            "article-1593"
        ]
    },
    {
        "id": "order-459",
        "positions": [
            "article-2008",
            "article-1319"
        ]
    },
    {
        "id": "order-460",
        "positions": [
            "article-2701",
            "article-1745",
            "article-2249"
        ]
    },
    {
        "id": "order-461",
        "positions": [
            "article-2990",
            "article-1611",
            "article-2871",
            "article-3212"
        ]
    },
    {
        "id": "order-462",
        "positions": [
            "article-1260",
            "article-802",
            "article-2818",
            "article-685"
        ]
    },
    {
        "id": "order-463",
        "positions": [
            "article-753",
            "article-1304",
            "article-265"
        ]
    },
    {
        "id": "order-464",
        "positions": [
            "article-3286",
            "article-70",
            "article-2699"
        ]
    },
    {
        "id": "order-465",
        "positions": [
            "article-1878",
            "article-2594",
            "article-3186"
        ]
    },
    {
        "id": "order-466",
        "positions": [
            "article-1340",
            "article-3244"
        ]
    },
    {
        "id": "order-467",
        "positions": [
            "article-1135",
            "article-528"
        ]
    },
    {
        "id": "order-468",
        "positions": [
            "article-2242",
            "article-2804",
            "article-870"
        ]
    },
    {
        "id": "order-469",
        "positions": [
            "article-171",
            "article-2080"
        ]
    },
    {
        "id": "order-470",
        "positions": [
            "article-1688",
            "article-2711",
            "article-1266",
            "article-2913"
        ]
    },
    {
        "id": "order-471",
        "positions": [
            "article-1567",
            "article-479",
            "article-413"
        ]
    },
    {
        "id": "order-472",
        "positions": [
            "article-171",
            "article-1598"
        ]
    },
    {
        "id": "order-473",
        "positions": [
            "article-238",
            "article-2233"
        ]
    },
    {
        "id": "order-474",
        "positions": [
            "article-948",
            "article-2648"
        ]
    },
    {
        "id": "order-475",
        "positions": [
            "article-219",
            "article-1503"
        ]
    },
    {
        "id": "order-476",
        "positions": [
            "article-3167",
            "article-2243"
        ]
    },
    {
        "id": "order-477",
        "positions": [
            "article-153",
            "article-765",
            "article-3249",
            "article-809"
        ]
    },
    {
        "id": "order-478",
        "positions": [
            "article-950",
            "article-82",
            "article-51"
        ]
    },
    {
        "id": "order-479",
        "positions": [
            "article-2165",
            "article-1011"
        ]
    },
    {
        "id": "order-480",
        "positions": [
            "article-3310",
            "article-1314"
        ]
    },
    {
        "id": "order-481",
        "positions": [
            "article-889",
            "article-108",
            "article-911"
        ]
    },
    {
        "id": "order-482",
        "positions": [
            "article-3243",
            "article-560"
        ]
    },
    {
        "id": "order-483",
        "positions": [
            "article-1679",
            "article-406"
        ]
    },
    {
        "id": "order-484",
        "positions": [
            "article-3024",
            "article-3173",
            "article-2392"
        ]
    },
    {
        "id": "order-485",
        "positions": [
            "article-2251",
            "article-3191"
        ]
    },
    {
        "id": "order-486",
        "positions": [
            "article-321",
            "article-1341"
        ]
    },
    {
        "id": "order-487",
        "positions": [
            "article-2881",
            "article-2708",
            "article-675"
        ]
    },
    {
        "id": "order-488",
        "positions": [
            "article-3013",
            "article-432"
        ]
    },
    {
        "id": "order-489",
        "positions": [
            "article-2023",
            "article-551",
            "article-1392"
        ]
    },
    {
        "id": "order-490",
        "positions": [
            "article-2730",
            "article-588",
            "article-231",
            "article-2514"
        ]
    },
    {
        "id": "order-491",
        "positions": [
            "article-2004",
            "article-1883",
            "article-2719"
        ]
    },
    {
        "id": "order-492",
        "positions": [
            "article-474",
            "article-476",
            "article-526"
        ]
    },
    {
        "id": "order-493",
        "positions": [
            "article-1329",
            "article-2028"
        ]
    },
    {
        "id": "order-494",
        "positions": [
            "article-1080",
            "article-2139",
            "article-1147"
        ]
    },
    {
        "id": "order-495",
        "positions": [
            "article-2602",
            "article-1694"
        ]
    },
    {
        "id": "order-496",
        "positions": [
            "article-2790",
            "article-524"
        ]
    },
    {
        "id": "order-497",
        "positions": [
            "article-3118",
            "article-1160",
            "article-2085"
        ]
    },
    {
        "id": "order-498",
        "positions": [
            "article-193",
            "article-558",
            "article-2307"
        ]
    },
    {
        "id": "order-499",
        "positions": [
            "article-629",
            "article-1150",
            "article-1392",
            "article-2232"
        ]
    }
]