[
    {
        "id": "article-0",
        "volume": 14
    },
    {
        "id": "article-1",
        "volume": 79
    },
    {
        "id": "article-2",
        "volume": 40
    },
    {
        "id": "article-3",
        "volume": 57
    },
    {
        "id": "article-4",
        "volume": 35
    },
    {
        "id": "article-5",
        "volume": 20
    },
    {
        "id": "article-6",
        "volume": 5
    },
    {
        "id": "article-7",
        "volume": 19
    },
    {
        "id": "article-8",
        "volume": 5
    },
    {
        "id": "article-9",
        "volume": 35
    },
    {
        "id": "article-10",
        "volume": 20
    },
    {
        "id": "article-11",
        "volume": 19
    },
    {
        "id": "article-12",
        "volume": 103
    },
    {
        "id": "article-13",
        "volume": 56
    },
    {
        "id": "article-14",
        "volume": 13
    },
    {
        "id": "article-15",
        "volume": 69
    },
    {
        "id": "article-16",
        "volume": 100
    },
    {
        "id": "article-17",
        "volume": 25
    },
    {
        "id": "article-18",
        "volume": 128
    },
    {
        "id": "article-19",
        "volume": 40
    },
    {
        "id": "article-20",
        "volume": 6
    },
    {
        "id": "article-21",
        "volume": 88
    },
    {
        "id": "article-22",
        "volume": 16
    },
    {
        "id": "article-23",
        "volume": 66
    },
    {
        "id": "article-24",
        "volume": 30
    },
    {
        "id": "article-25",
        "volume": 41
    },
    {
        "id": "article-26",
        "volume": 42
    },
    {
        "id": "article-27",
        "volume": 39
    },
    {
        "id": "article-28",
        "volume": 7
    },
    {
        "id": "article-29",
        "volume": 31
    },
    {
        "id": "article-30",
        "volume": 40
    },
    {
        "id": "article-31",
        "volume": 80
    },
    {
        "id": "article-32",
        "volume": 41
    }
]