{
    "instance": "tiny-0",
    "batches": [
        {
            "picklists": [
                [
                    "warehouse-item-3",
                    "warehouse-item-22",
                    "warehouse-item-6",
                    "warehouse-item-70",
                    "warehouse-item-95",
                    "warehouse-item-61"
                ],
                [
                    "warehouse-item-62",
                    "warehouse-item-0"
                ]
            ],
            "orders": [
                "order-3",
                "order-2",
                "order-7"
            ]
        },
        {
            "picklists": [
                [
                    "warehouse-item-11",
                    "warehouse-item-69",
                    "warehouse-item-29",
                    "warehouse-item-4",
                    "warehouse-item-71",
                    "warehouse-item-85"
                ],
                [
                    "warehouse-item-42"
                ]
            ],
            "orders": [
                "order-1",
                "order-8",
                "order-9"
            ]
        }
    ]
}