[
    {
        "id": "order-0",
        "positions": [
            "article-22",
            "article-20"
        ]
    },
    {
        "id": "order-1",
        "positions": [
            "article-11",
            "article-29"
        ]
    },
    {
        "id": "order-2",
        "positions": [
            "article-12",
            "article-0"
        ]
    },
    {
        "id": "order-3",
        "positions": [
            "article-25",
            "article-6",
            "article-22"
        ]
    },
    {
        "id": "order-4",
        "positions": [
            "article-15",
            "article-18"
        ]
    },
    {
        "id": "order-5",
        "positions": [
            "article-7",
            "article-19"
        ]
    },
    {
        "id": "order-6",
        "positions": [
            "article-25",
            "article-28",
            "article-30"
        ]
    },
    {
        "id": "order-7",
        "positions": [
            "article-3",
            "article-10",
            "article-5"
        ]
    },
    {
        "id": "order-8",
        "positions": [
            "article-4",
            "article-18",
            "article-20"
        ]
    },
    {
        "id": "order-9",
        "positions": [
            "article-29",
            "article-4"
        ]
    }
]