[
    {
        "id": "order-0",
        "positions": [
            "article-239",
            "article-241",
            "article-93"
        ]
    },
    {
        "id": "order-1",
        "positions": [
            "article-217",
            "article-26"
        ]
    },
    {
        "id": "order-2",
        "positions": [
            "article-281",
            "article-210"
        ]
    },
    {
        "id": "order-3",
        "positions": [
            "article-127",
            "article-108"
        ]
    },
    {
        "id": "order-4",
        "positions": [
            "article-214",
            "article-116"
        ]
    },
    {
        "id": "order-5",
        "positions": [
            "article-10",
            "article-37",
            "article-257"
        ]
    },
    {
        "id": "order-6",
        "positions": [
            "article-237",
            "article-140"
        ]
    },
    {
        "id": "order-7",
        "positions": [
            "article-154",
            "article-25",
            "article-270"
        ]
    },
    {
        "id": "order-8",
        "positions": [
            "article-147",
            "article-50",
            "article-291"
        ]
    },
    {
        "id": "order-9",
        "positions": [
            "article-250",
            "article-205"
        ]
    },
    {
        "id": "order-10",
        "positions": [
            "article-285",
            "article-6"
        ]
    },
    {
        "id": "order-11",
        "positions": [
            "article-149",
            "article-34"
        ]
    },
    {
        "id": "order-12",
        "positions": [
            "article-271",
            "article-10",
            "article-32"
        ]
    },
    {
        "id": "order-13",
        "positions": [
            "article-87",
            "article-110",
            "article-126"
        ]
    },
    {
        "id": "order-14",
        "positions": [
            "article-330",
            "article-36",
            "article-128",
            "article-272"
        ]
    },
    {
        "id": "order-15",
        "positions": [
            "article-207",
            "article-247",
            "article-143",
            "article-267"
        ]
    },
    {
        "id": "order-16",
        "positions": [
            "article-279",
            "article-289",
            "article-283"
        ]
    },
    {
        "id": "order-17",
        "positions": [
            "article-40",
            "article-317"
        ]
    },
    {
        "id": "order-18",
        "positions": [
            "article-60",
            "article-232"
        ]
    },
    {
        "id": "order-19",
        "positions": [
            "article-38",
            "article-255"
        ]
    },
    {
        "id": "order-20",
        "positions": [
            "article-287",
            "article-193"
        ]
    },
    {
        "id": "order-21",
        "positions": [
            "article-194",
            "article-6",
            "article-186",
            "article-81"
        ]
    },
    {
        "id": "order-22",
        "positions": [
            "article-168",
            "article-172",
            "article-287",
            "article-1"
        ]
    },
    {
        "id": "order-23",
        "positions": [
            "article-317",
            "article-308"
        ]
    },
    {
        "id": "order-24",
        "positions": [
            "article-124",
            "article-121",
            "article-281",
            "article-245"
        ]
    },
    {
        "id": "order-25",
        "positions": [
            "article-264",
            "article-99"
        ]
    },
    {
        "id": "order-26",
        "positions": [
            "article-265",
            "article-20",
            "article-13"
        ]
    },
    {
        "id": "order-27",
        "positions": [
            "article-327",
            "article-298",
            "article-167"
        ]
    },
    {
        "id": "order-28",
        "positions": [
            "article-9",
            "article-189"
        ]
    },
    {
        "id": "order-29",
        "positions": [
            "article-326",
            "article-68",
            "article-244"
        ]
    },
    {
        "id": "order-30",
        "positions": [
            "article-200",
            "article-260"
        ]
    },
    {
        "id": "order-31",
        "positions": [
            "article-35",
            "article-271"
        ]
    },
    {
        "id": "order-32",
        "positions": [
            "article-97",
            "article-184",
            "article-134"
        ]
    },
    {
        "id": "order-33",
        "positions": [
            "article-323",
            "article-279"
        ]
    },
    {
        "id": "order-34",
        "positions": [
            "article-201",
            "article-90",
            "article-87"
        ]
    },
    {
        "id": "order-35",
        "positions": [
            "article-203",
            "article-89"
        ]
    },
    {
        "id": "order-36",
        "positions": [
            "article-23",
            "article-212",
            "article-315",
            "article-318"
        ]
    },
    {
        "id": "order-37",
        "positions": [
            "article-191",
            "article-317",
            "article-45",
            "article-286"
        ]
    },
    {
        "id": "order-38",
        "positions": [
            "article-184",
            "article-85"
        ]
    },
    {
        "id": "order-39",
        "positions": [
            "article-49",
            "article-190"
        ]
    },
    {
        "id": "order-40",
        "positions": [
            "article-86",
            "article-13"
        ]
    },
    {
        "id": "order-41",
        "positions": [
            "article-259",
            "article-18"
        ]
    },
    {
        "id": "order-42",
        "positions": [
            "article-65",
            "article-230"
        ]
    },
    {
        "id": "order-43",
        "positions": [
            "article-273",
            "article-25",
            "article-166",
            "article-100"
        ]
    },
    {
        "id": "order-44",
        "positions": [
            "article-24",
            "article-242",
            "article-107",
            "article-124",
            "article-251"
        ]
    },
    {
        "id": "order-45",
        "positions": [
            "article-252",
            "article-155",
            "article-259"
        ]
    },
    {
        "id": "order-46",
        "positions": [
            "article-327",
            "article-233"
        ]
    },
    {
        "id": "order-47",
        "positions": [
            "article-13",
            "article-95"
        ]
    },
    {
        "id": "order-48",
        "positions": [
            "article-154",
            "article-55"
        ]
    },
    {
        "id": "order-49",
        "positions": [
            "article-216",
            "article-89"
        ]
    }
]