[
    {
        "id": "article-0",
        "volume": 24
    },
    {
        "id": "article-1",
        "volume": 30
    },
    {
        "id": "article-2",
        "volume": 20
    },
    {
        "id": "article-3",
        "volume": 23
    },
    {
        "id": "article-4",
        "volume": 53
    },
    {
        "id": "article-5",
        "volume": 18
    },
    {
        "id": "article-6",
        "volume": 6
    },
    {
        "id": "article-7",
        "volume": 51
    },
    {
        "id": "article-8",
        "volume": 34
    },
    {
        "id": "article-9",
        "volume": 44
    },
    {
        "id": "article-10",
        "volume": 20
    },
    {
        "id": "article-11",
        "volume": 33
    },
    {
        "id": "article-12",
        "volume": 44
    },
    {
        "id": "article-13",
        "volume": 75
    },
    {
        "id": "article-14",
        "volume": 20
    },
    {
        "id": "article-15",
        "volume": 53
    },
    {
        "id": "article-16",
        "volume": 16
    },
    {
        "id": "article-17",
        "volume": 29
    },
    {
        "id": "article-18",
        "volume": 148
    },
    {
        "id": "article-19",
        "volume": 68
    },
    {
        "id": "article-20",
        "volume": 12
    },
    {
        "id": "article-21",
        "volume": 18
    },
    {
        "id": "article-22",
        "volume": 16
    },
    {
        "id": "article-23",
        "volume": 21
    },
    {
        "id": "article-24",
        "volume": 34
    },
    {
        "id": "article-25",
        "volume": 33
    },
    {
        "id": "article-26",
        "volume": 46
    },
    {
        "id": "article-27",
        "volume": 43
    },
    {
        "id": "article-28",
        "volume": 23
    },
    {
        "id": "article-29",
        "volume": 14
    },
    {
        "id": "article-30",
        "volume": 27
    },
    {
        "id": "article-31",
        "volume": 22
    },
    {
        "id": "article-32",
        "volume": 15
    },
    {
        "id": "article-33",
        "volume": 28
    },
    {
        "id": "article-34",
        "volume": 8
    },
    {
        "id": "article-35",
        "volume": 14
    },
    {
        "id": "article-36",
        "volume": 3
    },
    {
        "id": "article-37",
        "volume": 35
    },
    {
        "id": "article-38",
        "volume": 7
    },
    {
        "id": "article-39",
        "volume": 27
    },
    {
        "id": "article-40",
        "volume": 129
    },
    {
        "id": "article-41",
        "volume": 27
    },
    {
        "id": "article-42",
        "volume": 33
    },
    {
        "id": "article-43",
        "volume": 40
    },
    {
        "id": "article-44",
        "volume": 20
    },
    {
        "id": "article-45",
        "volume": 66
    },
    {
        "id": "article-46",
        "volume": 121
    },
    {
        "id": "article-47",
        "volume": 24
    },
    {
        "id": "article-48",
        "volume": 39
    },
    {
        "id": "article-49",
        "volume": 68
    },
    {
        "id": "article-50",
        "volume": 57
    },
    {
        "id": "article-51",
        "volume": 44
    },
    {
        "id": "article-52",
        "volume": 7
    },
    {
        "id": "article-53",
        "volume": 44
    },
    {
        "id": "article-54",
        "volume": 2
    },
    {
        "id": "article-55",
        "volume": 48
    },
    {
        "id": "article-56",
        "volume": 112
    },
    {
        "id": "article-57",
        "volume": 24
    },
    {
        "id": "article-58",
        "volume": 29
    },
    {
        "id": "article-59",
        "volume": 61
    },
    {
        "id": "article-60",
        "volume": 111
    },
    {
        "id": "article-61",
        "volume": 23
    },
    {
        "id": "article-62",
        "volume": 9
    },
    {
        "id": "article-63",
        "volume": 79
    },
    {
        "id": "article-64",
        "volume": 94
    },
    {
        "id": "article-65",
        "volume": 24
    },
    {
        "id": "article-66",
        "volume": 10
    },
    {
        "id": "article-67",
        "volume": 76
    },
    {
        "id": "article-68",
        "volume": 47
    },
    {
        "id": "article-69",
        "volume": 16
    },
    {
        "id": "article-70",
        "volume": 25
    },
    {
        "id": "article-71",
        "volume": 50
    },
    {
        "id": "article-72",
        "volume": 22
    },
    {
        "id": "article-73",
        "volume": 11
    },
    {
        "id": "article-74",
        "volume": 80
    },
    {
        "id": "article-75",
        "volume": 27
    },
    {
        "id": "article-76",
        "volume": 42
    },
    {
        "id": "article-77",
        "volume": 106
    },
    {
        "id": "article-78",
        "volume": 40
    },
    {
        "id": "article-79",
        "volume": 77
    },
    {
        "id": "article-80",
        "volume": 160
    },
    {
        "id": "article-81",
        "volume": 90
    },
    {
        "id": "article-82",
        "volume": 24
    },
    {
        "id": "article-83",
        "volume": 79
    },
    {
        "id": "article-84",
        "volume": 67
    },
    {
        "id": "article-85",
        "volume": 56
    },
    {
        "id": "article-86",
        "volume": 50
    },
    {
        "id": "article-87",
        "volume": 15
    },
    {
        "id": "article-88",
        "volume": 58
    },
    {
        "id": "article-89",
        "volume": 4
    },
    {
        "id": "article-90",
        "volume": 34
    },
    {
        "id": "article-91",
        "volume": 35
    },
    {
        "id": "article-92",
        "volume": 37
    },
    {
        "id": "article-93",
        "volume": 17
    },
    {
        "id": "article-94",
        "volume": 46
    },
    {
        "id": "article-95",
        "volume": 63
    },
    {
        "id": "article-96",
        "volume": 55
    },
    {
        "id": "article-97",
        "volume": 72
    },
    {
        "id": "article-98",
        "volume": 14
    },
    {
        "id": "article-99",
        "volume": 56
    },
    {
        "id": "article-100",
        "volume": 17
    },
    {
        "id": "article-101",
        "volume": 10
    },
    {
        "id": "article-102",
        "volume": 14
    },
    {
        "id": "article-103",
        "volume": 30
    },
    {
        "id": "article-104",
        "volume": 17
    },
    {
        "id": "article-105",
        "volume": 11
    },
    {
        "id": "article-106",
        "volume": 77
    },
    {
        "id": "article-107",
        "volume": 62
    },
    {
        "id": "article-108",
        "volume": 39
    },
    {
        "id": "article-109",
        "volume": 41
    },
    {
        "id": "article-110",
        "volume": 27
    },
    {
        "id": "article-111",
        "volume": 77
    },
    {
        "id": "article-112",
        "volume": 19
    },
    {
        "id": "article-113",
        "volume": 16
    },
    {
        "id": "article-114",
        "volume": 41
    },
    {
        "id": "article-115",
        "volume": 21
    },
    {
        "id": "article-116",
        "volume": 40
    },
    {
        "id": "article-117",
        "volume": 54
    },
    {
        "id": "article-118",
        "volume": 28
    },
    {
        "id": "article-119",
        "volume": 98
    },
    {
        "id": "article-120",
        "volume": 25
    },
    {
        "id": "article-121",
        "volume": 26
    },
    {
        "id": "article-122",
        "volume": 110
    },
    {
        "id": "article-123",
        "volume": 28
    },
    {
        "id": "article-124",
        "volume": 22
    },
    {
        "id": "article-125",
        "volume": 39
    },
    {
        "id": "article-126",
        "volume": 24
    },
    {
        "id": "article-127",
        "volume": 89
    },
    {
        "id": "article-128",
        "volume": 56
    },
    {
        "id": "article-129",
        "volume": 33
    },
    {
        "id": "article-130",
        "volume": 53
    },
    {
        "id": "article-131",
        "volume": 41
    },
    {
        "id": "article-132",
        "volume": 47
    },
    {
        "id": "article-133",
        "volume": 15
    },
    {
        "id": "article-134",
        "volume": 33
    },
    {
        "id": "article-135",
        "volume": 6
    },
    {
        "id": "article-136",
        "volume": 11
    },
    {
        "id": "article-137",
        "volume": 7
    },
    {
        "id": "article-138",
        "volume": 56
    },
    {
        "id": "article-139",
        "volume": 79
    },
    {
        "id": "article-140",
        "volume": 94
    },
    {
        "id": "article-141",
        "volume": 36
    },
    {
        "id": "article-142",
        "volume": 23
    },
    {
        "id": "article-143",
        "volume": 46
    },
    {
        "id": "article-144",
        "volume": 19
    },
    {
        "id": "article-145",
        "volume": 37
    },
    {
        "id": "article-146",
        "volume": 8
    },
    {
        "id": "article-147",
        "volume": 26
    },
    {
        "id": "article-148",
        "volume": 31
    },
    {
        "id": "article-149",
        "volume": 11
    },
    {
        "id": "article-150",
        "volume": 105
    },
    {
        "id": "article-151",
        "volume": 42
    },
    {
        "id": "article-152",
        "volume": 9
    },
    {
        "id": "article-153",
        "volume": 64
    },
    {
        "id": "article-154",
        "volume": 91
    },
    {
        "id": "article-155",
        "volume": 5
    },
    {
        "id": "article-156",
        "volume": 89
    },
    {
        "id": "article-157",
        "volume": 10
    },
    {
        "id": "article-158",
        "volume": 36
    },
    {
        "id": "article-159",
        "volume": 47
    },
    {
        "id": "article-160",
        "volume": 22
    },
    {
        "id": "article-161",
        "volume": 42
    },
    {
        "id": "article-162",
        "volume": 42
    },
    {
        "id": "article-163",
        "volume": 26
    },
    {
        "id": "article-164",
        "volume": 54
    },
    {
        "id": "article-165",
        "volume": 14
    },
    {
        "id": "article-166",
        "volume": 90
    },
    {
        "id": "article-167",
        "volume": 11
    },
    {
        "id": "article-168",
        "volume": 14
    },
    {
        "id": "article-169",
        "volume": 27
    },
    {
        "id": "article-170",
        "volume": 64
    },
    {
        "id": "article-171",
        "volume": 34
    },
    {
        "id": "article-172",
        "volume": 15
    },
    {
        "id": "article-173",
        "volume": 21
    },
    {
        "id": "article-174",
        "volume": 94
    },
    {
        "id": "article-175",
        "volume": 93
    },
    {
        "id": "article-176",
        "volume": 42
    },
    {
        "id": "article-177",
        "volume": 36
    },
    {
        "id": "article-178",
        "volume": 31
    },
    {
        "id": "article-179",
        "volume": 23
    },
    {
        "id": "article-180",
        "volume": 58
    },
    {
        "id": "article-181",
        "volume": 66
    },
    {
        "id": "article-182",
        "volume": 64
    },
    {
        "id": "article-183",
        "volume": 94
    },
    {
        "id": "article-184",
        "volume": 48
    },
    {
        "id": "article-185",
        "volume": 173
    },
    {
        "id": "article-186",
        "volume": 23
    },
    {
        "id": "article-187",
        "volume": 76
    },
    {
        "id": "article-188",
        "volume": 22
    },
    {
        "id": "article-189",
        "volume": 11
    },
    {
        "id": "article-190",
        "volume": 20
    },
    {
        "id": "article-191",
        "volume": 40
    },
    {
        "id": "article-192",
        "volume": 122
    },
    {
        "id": "article-193",
        "volume": 14
    },
    {
        "id": "article-194",
        "volume": 101
    },
    {
        "id": "article-195",
        "volume": 19
    },
    {
        "id": "article-196",
        "volume": 50
    },
    {
        "id": "article-197",
        "volume": 48
    },
    {
        "id": "article-198",
        "volume": 37
    },
    {
        "id": "article-199",
        "volume": 62
    },
    {
        "id": "article-200",
        "volume": 71
    },
    {
        "id": "article-201",
        "volume": 162
    },
    {
        "id": "article-202",
        "volume": 8
    },
    {
        "id": "article-203",
        "volume": 31
    },
    {
        "id": "article-204",
        "volume": 50
    },
    {
        "id": "article-205",
        "volume": 45
    },
    {
        "id": "article-206",
        "volume": 23
    },
    {
        "id": "article-207",
        "volume": 18
    },
    {
        "id": "article-208",
        "volume": 31
    },
    {
        "id": "article-209",
        "volume": 25
    },
    {
        "id": "article-210",
        "volume": 15
    },
    {
        "id": "article-211",
        "volume": 24
    },
    {
        "id": "article-212",
        "volume": 35
    },
    {
        "id": "article-213",
        "volume": 52
    },
    {
        "id": "article-214",
        "volume": 51
    },
    {
        "id": "article-215",
        "volume": 50
    },
    {
        "id": "article-216",
        "volume": 37
    },
    {
        "id": "article-217",
        "volume": 40
    },
    {
        "id": "article-218",
        "volume": 87
    },
    {
        "id": "article-219",
        "volume": 84
    },
    {
        "id": "article-220",
        "volume": 45
    },
    {
        "id": "article-221",
        "volume": 14
    },
    {
        "id": "article-222",
        "volume": 37
    },
    {
        "id": "article-223",
        "volume": 28
    },
    {
        "id": "article-224",
        "volume": 26
    },
    {
        "id": "article-225",
        "volume": 55
    },
    {
        "id": "article-226",
        "volume": 13
    },
    {
        "id": "article-227",
        "volume": 93
    },
    {
        "id": "article-228",
        "volume": 123
    },
    {
        "id": "article-229",
        "volume": 26
    },
    {
        "id": "article-230",
        "volume": 22
    },
    {
        "id": "article-231",
        "volume": 40
    },
    {
        "id": "article-232",
        "volume": 8
    },
    {
        "id": "article-233",
        "volume": 31
    },
    {
        "id": "article-234",
        "volume": 6
    },
    {
        "id": "article-235",
        "volume": 34
    },
    {
        "id": "article-236",
        "volume": 40
    },
    {
        "id": "article-237",
        "volume": 12
    },
    {
        "id": "article-238",
        "volume": 9
    },
    {
        "id": "article-239",
        "volume": 22
    },
    {
        "id": "article-240",
        "volume": 66
    },
    {
        "id": "article-241",
        "volume": 21
    },
    {
        "id": "article-242",
        "volume": 39
    },
    {
        "id": "article-243",
        "volume": 80
    },
    {
        "id": "article-244",
        "volume": 65
    },
    {
        "id": "article-245",
        "volume": 39
    },
    {
        "id": "article-246",
        "volume": 27
    },
    {
        "id": "article-247",
        "volume": 62
    },
    {
        "id": "article-248",
        "volume": 18
    },
    {
        "id": "article-249",
        "volume": 66
    },
    {
        "id": "article-250",
        "volume": 39
    },
    {
        "id": "article-251",
        "volume": 98
    },
    {
        "id": "article-252",
        "volume": 41
    },
    {
        "id": "article-253",
        "volume": 18
    },
    {
        "id": "article-254",
        "volume": 18
    },
    {
        "id": "article-255",
        "volume": 8
    },
    {
        "id": "article-256",
        "volume": 24
    },
    {
        "id": "article-257",
        "volume": 23
    },
    {
        "id": "article-258",
        "volume": 21
    },
    {
        "id": "article-259",
        "volume": 11
    },
    {
        "id": "article-260",
        "volume": 19
    },
    {
        "id": "article-261",
        "volume": 73
    },
    {
        "id": "article-262",
        "volume": 11
    },
    {
        "id": "article-263",
        "volume": 43
    },
    {
        "id": "article-264",
        "volume": 53
    },
    {
        "id": "article-265",
        "volume": 50
    },
    {
        "id": "article-266",
        "volume": 12
    },
    {
        "id": "article-267",
        "volume": 22
    },
    {
        "id": "article-268",
        "volume": 26
    },
    {
        "id": "article-269",
        "volume": 7
    },
    {
        "id": "article-270",
        "volume": 38
    },
    {
        "id": "article-271",
        "volume": 47
    },
    {
        "id": "article-272",
        "volume": 87
    },
    {
        "id": "article-273",
        "volume": 43
    },
    {
        "id": "article-274",
        "volume": 93
    },
    {
        "id": "article-275",
        "volume": 17
    },
    {
        "id": "article-276",
        "volume": 40
    },
    {
        "id": "article-277",
        "volume": 3
    },
    {
        "id": "article-278",
        "volume": 42
    },
    {
        "id": "article-279",
        "volume": 34
    },
    {
        "id": "article-280",
        "volume": 18
    },
    {
        "id": "article-281",
        "volume": 15
    },
    {
        "id": "article-282",
        "volume": 58
    },
    {
        "id": "article-283",
        "volume": 35
    },
    {
        "id": "article-284",
        "volume": 57
    },
    {
        "id": "article-285",
        "volume": 41
    },
    {
        "id": "article-286",
        "volume": 28
    },
    {
        "id": "article-287",
        "volume": 63
    },
    {
        "id": "article-288",
        "volume": 49
    },
    {
        "id": "article-289",
        "volume": 20
    },
    {
        "id": "article-290",
        "volume": 10
    },
    {
        "id": "article-291",
        "volume": 5
    },
    {
        "id": "article-292",
        "volume": 81
    },
    {
        "id": "article-293",
        "volume": 55
    },
    {
        "id": "article-294",
        "volume": 28
    },
    {
        "id": "article-295",
        "volume": 85
    },
    {
        "id": "article-296",
        "volume": 43
    },
    {
        "id": "article-297",
        "volume": 11
    },
    {
        "id": "article-298",
        "volume": 61
    },
    {
        "id": "article-299",
        "volume": 61
    },
    {
        "id": "article-300",
        "volume": 23
    },
    {
        "id": "article-301",
        "volume": 80
    },
    {
        "id": "article-302",
        "volume": 60
    },
    {
        "id": "article-303",
        "volume": 1
    },
    {
        "id": "article-304",
        "volume": 53
    },
    {
        "id": "article-305",
        "volume": 34
    },
    {
        "id": "article-306",
        "volume": 28
    },
    {
        "id": "article-307",
        "volume": 29
    },
    {
        "id": "article-308",
        "volume": 10
    },
    {
        "id": "article-309",
        "volume": 30
    },
    {
        "id": "article-310",
        "volume": 34
    },
    {
        "id": "article-311",
        "volume": 82
    },
    {
        "id": "article-312",
        "volume": 29
    },
    {
        "id": "article-313",
        "volume": 80
    },
    {
        "id": "article-314",
        "volume": 110
    },
    {
        "id": "article-315",
        "volume": 17
    },
    {
        "id": "article-316",
        "volume": 54
    },
    {
        "id": "article-317",
        "volume": 83
    },
    {
        "id": "article-318",
        "volume": 53
    },
    {
        "id": "article-319",
        "volume": 31
    },
    {
        "id": "article-320",
        "volume": 12
    },
    {
        "id": "article-321",
        "volume": 5
    },
    {
        "id": "article-322",
        "volume": 53
    },
    {
        "id": "article-323",
        "volume": 32
    },
    {
        "id": "article-324",
        "volume": 45
    },
    {
        "id": "article-325",
        "volume": 8
    },
    {
        "id": "article-326",
        "volume": 93
    },
    {
        "id": "article-327",
        "volume": 28
    },
    {
        "id": "article-328",
        "volume": 17
    },
    {
        "id": "article-329",
        "volume": 13
    },
    {
        "id": "article-330",
        "volume": 15
    },
    {
        "id": "article-331",
        "volume": 13
    },
    {
        "id": "article-332",
        "volume": 45
    }
]