[
    {
        "id": "order-0",
        "positions": [
            "article-1",
            "article-218",
            "article-244"
        ]
    },
    {
        "id": "order-1",
        "positions": [
            "article-310",
            "article-172"
        ]
    },
    {
        "id": "order-2",
        "positions": [
            "article-138",
            "article-112"
        ]
    },
    {
        "id": "order-3",
        "positions": [
            "article-295",
            "article-40"
        ]
    },
    {
        "id": "order-4",
        "positions": [
            "article-271",
            "article-67",
            "article-24"
        ]
    },
    {
        "id": "order-5",
        "positions": [
            "article-121",
            "article-259"
        ]
    },
    {
        "id": "order-6",
        "positions": [
            "article-233",
            "article-270"
        ]
    },
    {
        "id": "order-7",
        "positions": [
            "article-328",
            "article-48",
            "article-4"
        ]
    },
    {
        "id": "order-8",
        "positions": [
            "article-8",
            "article-258",
            "article-19",
            "article-81",
            "article-5",
            "article-243"
        ]
    },
    {
        "id": "order-9",
        "positions": [
            "article-64",
            "article-13",
            "article-34",
            "article-83"
        ]
    },
    {
        "id": "order-10",
        "positions": [
            "article-317",
            "article-141"
        ]
    },
    {
        "id": "order-11",
        "positions": [
            "article-312",
            "article-298",
            "article-100"
        ]
    },
    {
        "id": "order-12",
        "positions": [
            "article-315",
            "article-229",
            "article-291"
        ]
    },
    {
        "id": "order-13",
        "positions": [
            "article-191",
            "article-262"
        ]
    },
    {
        "id": "order-14",
        "positions": [
            "article-79",
            "article-140",
            "article-13",
            "article-83"
        ]
    },
    {
        "id": "order-15",
        "positions": [
            "article-255",
            "article-190"
        ]
    },
    {
        "id": "order-16",
        "positions": [
            "article-1",
            "article-113",
            "article-141"
        ]
    },
    {
        "id": "order-17",
        "positions": [
            "article-69",
            "article-220"
        ]
    },
    {
        "id": "order-18",
        "positions": [
            "article-84",
            "article-77"
        ]
    },
    {
        "id": "order-19",
        "positions": [
            "article-292",
            "article-59"
        ]
    },
    {
        "id": "order-20",
        "positions": [
            "article-184",
            "article-238",
            "article-43",
            "article-153"
        ]
    },
    {
        "id": "order-21",
        "positions": [
            "article-73",
            "article-280",
            "article-64",
            "article-228"
        ]
    },
    {
        "id": "order-22",
        "positions": [
            "article-128",
            "article-181"
        ]
    },
    {
        "id": "order-23",
        "positions": [
            "article-213",
            "article-102"
        ]
    },
    {
        "id": "order-24",
        "positions": [
            "article-74",
            "article-107",
            "article-81"
        ]
    },
    {
        "id": "order-25",
        "positions": [
            "article-127",
            "article-322"
        ]
    },
    {
        "id": "order-26",
        "positions": [
            "article-230",
            "article-20"
        ]
    },
    {
        "id": "order-27",
        "positions": [
            "article-72",
            "article-312"
        ]
    },
    {
        "id": "order-28",
        "positions": [
            "article-92",
            "article-23"
        ]
    },
    {
        "id": "order-29",
        "positions": [
            "article-306",
            "article-224",
            "article-221"
        ]
    },
    {
        "id": "order-30",
        "positions": [
            "article-275",
            "article-263"
        ]
    },
    {
        "id": "order-31",
        "positions": [
            "article-105",
            "article-239",
            "article-322"
        ]
    },
    {
        "id": "order-32",
        "positions": [
            "article-299",
            "article-219"
        ]
    },
    {
        "id": "order-33",
        "positions": [
            "article-163",
            "article-220"
        ]
    },
    {
        "id": "order-34",
        "positions": [
            "article-131",
            "article-13"
        ]
    },
    {
        "id": "order-35",
        "positions": [
            "article-176",
            "article-0",
            "article-260"
        ]
    },
    {
        "id": "order-36",
        "positions": [
            "article-37",
            "article-264"
        ]
    },
    {
        "id": "order-37",
        "positions": [
            "article-324",
            "article-100",
            "article-43"
        ]
    },
    {
        "id": "order-38",
        "positions": [
            "article-51",
            "article-159",
            "article-170",
            "article-185"
        ]
    },
    {
        "id": "order-39",
        "positions": [
            "article-218",
            "article-3"
        ]
    },
    {
        "id": "order-40",
        "positions": [
            "article-271",
            "article-102"
        ]
    },
    {
        "id": "order-41",
        "positions": [
            "article-291",
            "article-263",
            "article-317",
            "article-140"
        ]
    },
    {
        "id": "order-42",
        "positions": [
            "article-302",
            "article-313",
            "article-27"
        ]
    },
    {
        "id": "order-43",
        "positions": [
            "article-187",
            "article-134"
        ]
    },
    {
        "id": "order-44",
        "positions": [
            "article-19",
            "article-196"
        ]
    },
    {
        "id": "order-45",
        "positions": [
            "article-285",
            "article-311"
        ]
    },
    {
        "id": "order-46",
        "positions": [
            "article-47",
            "article-168"
        ]
    },
    {
        "id": "order-47",
        "positions": [
            "article-70",
            "article-210"
        ]
    },
    {
        "id": "order-48",
        "positions": [
            "article-273",
            "article-245"
        ]
    },
    {
        "id": "order-49",
        "positions": [
            "article-55",
            "article-178"
        ]
    }
]