[
    {
        "id": "article-0",
        "volume": 9
    },
    {
        "id": "article-1",
        "volume": 15
    },
    {
        "id": "article-2",
        "volume": 11
    },
    {
        "id": "article-3",
        "volume": 57
    },
    {
        "id": "article-4",
        "volume": 1
    },
    {
        "id": "article-5",
        "volume": 19
    },
    {
        "id": "article-6",
        "volume": 7
    },
    {
        "id": "article-7",
        "volume": 62
    },
    {
        "id": "article-8",
        "volume": 73
    },
    {
        "id": "article-9",
        "volume": 63
    },
    {
        "id": "article-10",
        "volume": 91
    },
    {
        "id": "article-11",
        "volume": 7
    },
    {
        "id": "article-12",
        "volume": 56
    },
    {
        "id": "article-13",
        "volume": 13
    },
    {
        "id": "article-14",
        "volume": 62
    },
    {
        "id": "article-15",
        "volume": 31
    },
    {
        "id": "article-16",
        "volume": 38
    },
    {
        "id": "article-17",
        "volume": 52
    },
    {
        "id": "article-18",
        "volume": 16
    },
    {
        "id": "article-19",
        "volume": 74
    },
    {
        "id": "article-20",
        "volume": 44
    },
    {
        "id": "article-21",
        "volume": 55
    },
    {
        "id": "article-22",
        "volume": 54
    },
    {
        "id": "article-23",
        "volume": 11
    },
    {
        "id": "article-24",
        "volume": 71
    },
    {
        "id": "article-25",
        "volume": 8
    },
    {
        "id": "article-26",
        "volume": 25
    },
    {
        "id": "article-27",
        "volume": 11
    },
    {
        "id": "article-28",
        "volume": 23
    },
    {
        "id": "article-29",
        "volume": 15
    },
    {
        "id": "article-30",
        "volume": 32
    },
    {
        "id": "article-31",
        "volume": 102
    },
    {
        "id": "article-32",
        "volume": 38
    }
]