[
    {
        "id": "order-0",
        "positions": [
            "article-25",
            "article-30",
            "article-29"
        ]
    },
    {
        "id": "order-1",
        "positions": [
            "article-17",
            "article-31"
        ]
    },
    {
        "id": "order-2",
        "positions": [
            "article-3",
            "article-25",
            "article-27",
            "article-25",
            "article-10"
        ]
    },
    {
        "id": "order-3",
        "positions": [
            "article-11",
            "article-9"
        ]
    },
    {
        "id": "order-4",
        "positions": [
            "article-19",
            "article-3"
        ]
    },
    {
        "id": "order-5",
        "positions": [
            "article-7",
            "article-3",
            "article-6"
        ]
    },
    {
        "id": "order-6",
        "positions": [
            "article-6",
            "article-32"
        ]
    },
    {
        "id": "order-7",
        "positions": [
            "article-22",
            "article-16",
            "article-14"
        ]
    },
    {
        "id": "order-8",
        "positions": [
            "article-16",
            "article-23"
        ]
    },
    {
        "id": "order-9",
        "positions": [
            "article-27",
            "article-17",
            "article-14"
        ]
    }
]