[
    {
        "id": "order-0",
        "positions": [
            "article-28",
            "article-201"
        ]
    },
    {
        "id": "order-1",
        "positions": [
            "article-39",
            "article-154"
        ]
    },
    {
        "id": "order-2",
        "positions": [
            "article-272",
            "article-188"
        ]
    },
    {
        "id": "order-3",
        "positions": [
            "article-202",
            "article-321",
            "article-21"
        ]
    },
    {
        "id": "order-4",
        "positions": [
            "article-313",
            "article-238",
            "article-180",
            "article-5",
            "article-242"
        ]
    },
    {
        "id": "order-5",
        "positions": [
            "article-191",
            "article-111",
            "article-310",
            "article-10",
            "article-80",
            "article-186"
        ]
    },
    {
        "id": "order-6",
        "positions": [
            "article-303",
            "article-62",
            "article-18"
        ]
    },
    {
        "id": "order-7",
        "positions": [
            "article-99",
            "article-329"
        ]
    },
    {
        "id": "order-8",
        "positions": [
            "article-298",
            "article-39",
            "article-117"
        ]
    },
    {
        "id": "order-9",
        "positions": [
            "article-205",
            "article-257",
            "article-1"
        ]
    },
    {
        "id": "order-10",
        "positions": [
            "article-14",
            "article-206",
            "article-87"
        ]
    },
    {
        "id": "order-11",
        "positions": [
            "article-20",
            "article-92",
            "article-1",
            "article-16"
        ]
    },
    {
        "id": "order-12",
        "positions": [
            "article-227",
            "article-203"
        ]
    },
    {
        "id": "order-13",
        "positions": [
            "article-150",
            "article-302"
        ]
    },
    {
        "id": "order-14",
        "positions": [
            "article-152",
            "article-200"
        ]
    },
    {
        "id": "order-15",
        "positions": [
            "article-11",
            "article-183"
        ]
    },
    {
        "id": "order-16",
        "positions": [
            "article-208",
            "article-157",
            "article-221"
        ]
    },
    {
        "id": "order-17",
        "positions": [
            "article-207",
            "article-45",
            "article-298"
        ]
    },
    {
        "id": "order-18",
        "positions": [
            "article-83",
            "article-119",
            "article-48"
        ]
    },
    {
        "id": "order-19",
        "positions": [
            "article-62",
            "article-245"
        ]
    },
    {
        "id": "order-20",
        "positions": [
            "article-155",
            "article-181"
        ]
    },
    {
        "id": "order-21",
        "positions": [
            "article-256",
            "article-3"
        ]
    },
    {
        "id": "order-22",
        "positions": [
            "article-57",
            "article-32",
            "article-176",
            "article-249"
        ]
    },
    {
        "id": "order-23",
        "positions": [
            "article-190",
            "article-159"
        ]
    },
    {
        "id": "order-24",
        "positions": [
            "article-98",
            "article-137"
        ]
    },
    {
        "id": "order-25",
        "positions": [
            "article-13",
            "article-189"
        ]
    },
    {
        "id": "order-26",
        "positions": [
            "article-12",
            "article-60",
            "article-166",
            "article-53"
        ]
    },
    {
        "id": "order-27",
        "positions": [
            "article-217",
            "article-283",
            "article-186"
        ]
    },
    {
        "id": "order-28",
        "positions": [
            "article-291",
            "article-91",
            "article-107",
            "article-280"
        ]
    },
    {
        "id": "order-29",
        "positions": [
            "article-253",
            "article-113"
        ]
    },
    {
        "id": "order-30",
        "positions": [
            "article-226",
            "article-170"
        ]
    },
    {
        "id": "order-31",
        "positions": [
            "article-228",
            "article-268"
        ]
    },
    {
        "id": "order-32",
        "positions": [
            "article-302",
            "article-37",
            "article-255",
            "article-203"
        ]
    },
    {
        "id": "order-33",
        "positions": [
            "article-168",
            "article-62"
        ]
    },
    {
        "id": "order-34",
        "positions": [
            "article-119",
            "article-250"
        ]
    },
    {
        "id": "order-35",
        "positions": [
            "article-47",
            "article-253"
        ]
    },
    {
        "id": "order-36",
        "positions": [
            "article-184",
            "article-29",
            "article-118",
            "article-265",
            "article-25",
            "article-309"
        ]
    },
    {
        "id": "order-37",
        "positions": [
            "article-217",
            "article-205",
            "article-93"
        ]
    },
    {
        "id": "order-38",
        "positions": [
            "article-193",
            "article-301"
        ]
    },
    {
        "id": "order-39",
        "positions": [
            "article-40",
            "article-135"
        ]
    },
    {
        "id": "order-40",
        "positions": [
            "article-4",
            "article-331"
        ]
    },
    {
        "id": "order-41",
        "positions": [
            "article-244",
            "article-177",
            "article-112"
        ]
    },
    {
        "id": "order-42",
        "positions": [
            "article-67",
            "article-32",
            "article-267",
            "article-36"
        ]
    },
    {
        "id": "order-43",
        "positions": [
            "article-311",
            "article-149"
        ]
    },
    {
        "id": "order-44",
        "positions": [
            "article-207",
            "article-116"
        ]
    },
    {
        "id": "order-45",
        "positions": [
            "article-124",
            "article-44"
        ]
    },
    {
        "id": "order-46",
        "positions": [
            "article-44",
            "article-182",
            "article-217",
            "article-234"
        ]
    },
    {
        "id": "order-47",
        "positions": [
            "article-300",
            "article-189"
        ]
    },
    {
        "id": "order-48",
        "positions": [
            "article-31",
            "article-307",
            "article-134"
        ]
    },
    {
        "id": "order-49",
        "positions": [
            "article-190",
            "article-153",
            "article-66",
            "article-80"
        ]
    }
]