{
    "instance": "small-0",
    "batches": [
        {
            "picklists": [
                [
                    "warehouse-item-520",
                    "warehouse-item-206",
                    "warehouse-item-345",
                    "warehouse-item-693",
                    "warehouse-item-319",
                    "warehouse-item-673",
                    "warehouse-item-53"
                ],
                [
                    "warehouse-item-464",
                    "warehouse-item-504",
                    "warehouse-item-682",
                    "warehouse-item-735",
                    "warehouse-item-57",
                    "warehouse-item-117",
                    "warehouse-item-275",
                    "warehouse-item-121",
                    "warehouse-item-454"
                ],
                [
                    "warehouse-item-147",
                    "warehouse-item-802",
                    "warehouse-item-269",
                    "warehouse-item-342",
                    "warehouse-item-666",
                    "warehouse-item-594",
                    "warehouse-item-95"
                ],
                [
                    "warehouse-item-832",
                    "warehouse-item-12",
                    "warehouse-item-680",
                    "warehouse-item-123",
                    "warehouse-item-413",
                    "warehouse-item-963",
                    "warehouse-item-242"
                ],
                [
                    "warehouse-item-301",
                    "warehouse-item-701",
                    "warehouse-item-643",
                    "warehouse-item-135",
                    "warehouse-item-486",
                    "warehouse-item-795",
                    "warehouse-item-420",
                    "warehouse-item-126"
                ]
            ],
            "orders": [
                "order-45",
                "order-12",
                "order-42",
                "order-32",
                "order-26",
                "order-7",
                "order-21",
                "order-44",
                "order-6",
                "order-17",
                "order-20",
                "order-8",
                "order-40",
                "order-37",
                "order-28"
            ]
        },
        {
            "picklists": [
                [
                    "warehouse-item-321",
                    "warehouse-item-410",
                    "warehouse-item-163",
                    "warehouse-item-785",
                    "warehouse-item-274",
                    "warehouse-item-312",
                    "warehouse-item-226",
                    "warehouse-item-570"
                ],
                [
                    "warehouse-item-332",
                    "warehouse-item-378",
                    "warehouse-item-480",
                    "warehouse-item-679",
                    "warehouse-item-133",
                    "warehouse-item-996",
                    "warehouse-item-498",
                    "warehouse-item-879"
                ],
                [
                    "warehouse-item-848",
                    "warehouse-item-769",
                    "warehouse-item-975",
                    "warehouse-item-314",
                    "warehouse-item-739",
                    "warehouse-item-444",
                    "warehouse-item-297",
                    "warehouse-item-347",
                    "warehouse-item-356",
                    "warehouse-item-675",
                    "warehouse-item-260",
                    "warehouse-item-138",
                    "warehouse-item-13"
                ],
                [
                    "warehouse-item-449",
                    "warehouse-item-897",
                    "warehouse-item-221",
                    "warehouse-item-479",
                    "warehouse-item-367",
                    "warehouse-item-716",
                    "warehouse-item-324",
                    "warehouse-item-712"
                ],
                [
                    "warehouse-item-733",
                    "warehouse-item-883"
                ]
            ],
            "orders": [
                "order-4",
                "order-23",
                "order-24",
                "order-25",
                "order-48",
                "order-5",
                "order-22",
                "order-0",
                "order-13",
                "order-34",
                "order-3",
                "order-19",
                "order-27",
                "order-10",
                "order-38"
            ]
        }
    ]
}