[
    {
        "id": "order-0",
        "positions": [
            "article-239",
            "article-195"
        ]
    },
    {
        "id": "order-1",
        "positions": [
            "article-83",
            "article-103",
            "article-120",
            "article-15"
        ]
    },
    {
        "id": "order-2",
        "positions": [
            "article-128",
            "article-295",
            "article-160",
            "article-149"
        ]
    },
    {
        "id": "order-3",
        "positions": [
            "article-315",
            "article-290"
        ]
    },
    {
        "id": "order-4",
        "positions": [
            "article-136",
            "article-226"
        ]
    },
    {
        "id": "order-5",
        "positions": [
            "article-312",
            "article-308"
        ]
    },
    {
        "id": "order-6",
        "positions": [
            "article-194",
            "article-125"
        ]
    },
    {
        "id": "order-7",
        "positions": [
            "article-0",
            "article-117"
        ]
    },
    {
        "id": "order-8",
        "positions": [
            "article-269",
            "article-206",
            "article-319"
        ]
    },
    {
        "id": "order-9",
        "positions": [
            "article-38",
            "article-5"
        ]
    },
    {
        "id": "order-10",
        "positions": [
            "article-54",
            "article-40",
            "article-13",
            "article-250"
        ]
    },
    {
        "id": "order-11",
        "positions": [
            "article-47",
            "article-195",
            "article-180"
        ]
    },
    {
        "id": "order-12",
        "positions": [
            "article-146",
            "article-122",
            "article-149"
        ]
    },
    {
        "id": "order-13",
        "positions": [
            "article-225",
            "article-196"
        ]
    },
    {
        "id": "order-14",
        "positions": [
            "article-22",
            "article-283",
            "article-218"
        ]
    },
    {
        "id": "order-15",
        "positions": [
            "article-113",
            "article-101"
        ]
    },
    {
        "id": "order-16",
        "positions": [
            "article-178",
            "article-129",
            "article-265"
        ]
    },
    {
        "id": "order-17",
        "positions": [
            "article-318",
            "article-275"
        ]
    },
    {
        "id": "order-18",
        "positions": [
            "article-182",
            "article-2",
            "article-129",
            "article-285"
        ]
    },
    {
        "id": "order-19",
        "positions": [
            "article-314",
            "article-251",
            "article-39",
            "article-332"
        ]
    },
    {
        "id": "order-20",
        "positions": [
            "article-118",
            "article-310",
            "article-123",
            "article-126"
        ]
    },
    {
        "id": "order-21",
        "positions": [
            "article-147",
            "article-218",
            "article-65"
        ]
    },
    {
        "id": "order-22",
        "positions": [
            "article-324",
            "article-31"
        ]
    },
    {
        "id": "order-23",
        "positions": [
            "article-138",
            "article-265"
        ]
    },
    {
        "id": "order-24",
        "positions": [
            "article-196",
            "article-274",
            "article-16"
        ]
    },
    {
        "id": "order-25",
        "positions": [
            "article-249",
            "article-163"
        ]
    },
    {
        "id": "order-26",
        "positions": [
            "article-279",
            "article-121"
        ]
    },
    {
        "id": "order-27",
        "positions": [
            "article-71",
            "article-111"
        ]
    },
    {
        "id": "order-28",
        "positions": [
            "article-95",
            "article-57"
        ]
    },
    {
        "id": "order-29",
        "positions": [
            "article-41",
            "article-236",
            "article-124"
        ]
    },
    {
        "id": "order-30",
        "positions": [
            "article-109",
            "article-191"
        ]
    },
    {
        "id": "order-31",
        "positions": [
            "article-263",
            "article-316",
            "article-243"
        ]
    },
    {
        "id": "order-32",
        "positions": [
            "article-187",
            "article-331",
            "article-301",
            "article-203"
        ]
    },
    {
        "id": "order-33",
        "positions": [
            "article-107",
            "article-305",
            "article-204",
            "article-71"
        ]
    },
    {
        "id": "order-34",
        "positions": [
            "article-321",
            "article-140",
            "article-133",
            "article-260",
            "article-297",
            "article-68"
        ]
    },
    {
        "id": "order-35",
        "positions": [
            "article-282",
            "article-228"
        ]
    },
    {
        "id": "order-36",
        "positions": [
            "article-220",
            "article-61",
            "article-66",
            "article-105"
        ]
    },
    {
        "id": "order-37",
        "positions": [
            "article-106",
            "article-153",
            "article-121"
        ]
    },
    {
        "id": "order-38",
        "positions": [
            "article-5",
            "article-221"
        ]
    },
    {
        "id": "order-39",
        "positions": [
            "article-268",
            "article-246",
            "article-330"
        ]
    },
    {
        "id": "order-40",
        "positions": [
            "article-204",
            "article-195"
        ]
    },
    {
        "id": "order-41",
        "positions": [
            "article-7",
            "article-196"
        ]
    },
    {
        "id": "order-42",
        "positions": [
            "article-242",
            "article-135"
        ]
    },
    {
        "id": "order-43",
        "positions": [
            "article-38",
            "article-227",
            "article-201",
            "article-23"
        ]
    },
    {
        "id": "order-44",
        "positions": [
            "article-69",
            "article-12"
        ]
    },
    {
        "id": "order-45",
        "positions": [
            "article-142",
            "article-53"
        ]
    },
    {
        "id": "order-46",
        "positions": [
            "article-91",
            "article-25"
        ]
    },
    {
        "id": "order-47",
        "positions": [
            "article-61",
            "article-256",
            "article-119",
            "article-122"
        ]
    },
    {
        "id": "order-48",
        "positions": [
            "article-59",
            "article-37"
        ]
    },
    {
        "id": "order-49",
        "positions": [
            "article-58",
            "article-252"
        ]
    }
]