[
    {
        "id": "article-0",
        "volume": 16
    },
    {
        "id": "article-1",
        "volume": 7
    },
    {
        "id": "article-2",
        "volume": 52
    },
    {
        "id": "article-3",
        "volume": 56
    },
    {
        "id": "article-4",
        "volume": 27
    },
    {
        "id": "article-5",
        "volume": 103
    },
    {
        "id": "article-6",
        "volume": 26
    },
    {
        "id": "article-7",
        "volume": 29
    },
    {
        "id": "article-8",
        "volume": 14
    },
    {
        "id": "article-9",
        "volume": 26
    },
    {
        "id": "article-10",
        "volume": 47
    },
    {
        "id": "article-11",
        "volume": 51
    },
    {
        "id": "article-12",
        "volume": 47
    },
    {
        "id": "article-13",
        "volume": 33
    },
    {
        "id": "article-14",
        "volume": 8
    },
    {
        "id": "article-15",
        "volume": 17
    },
    {
        "id": "article-16",
        "volume": 25
    },
    {
        "id": "article-17",
        "volume": 21
    },
    {
        "id": "article-18",
        "volume": 39
    },
    {
        "id": "article-19",
        "volume": 24
    },
    {
        "id": "article-20",
        "volume": 7
    },
    {
        "id": "article-21",
        "volume": 28
    },
    {
        "id": "article-22",
        "volume": 47
    },
    {
        "id": "article-23",
        "volume": 52
    },
    {
        "id": "article-24",
        "volume": 26
    },
    {
        "id": "article-25",
        "volume": 31
    },
    {
        "id": "article-26",
        "volume": 47
    },
    {
        "id": "article-27",
        "volume": 31
    },
    {
        "id": "article-28",
        "volume": 101
    },
    {
        "id": "article-29",
        "volume": 21
    },
    {
        "id": "article-30",
        "volume": 21
    },
    {
        "id": "article-31",
        "volume": 6
    },
    {
        "id": "article-32",
        "volume": 47
    }
]