[
    {
        "id": "order-0",
        "positions": [
            "article-8",
            "article-7",
            "article-5"
        ]
    },
    {
        "id": "order-1",
        "positions": [
            "article-20",
            "article-11"
        ]
    },
    {
        "id": "order-2",
        "positions": [
            "article-13",
            "article-13",
            "article-17"
        ]
    },
    {
        "id": "order-3",
        "positions": [
            "article-24",
            "article-12"
        ]
    },
    {
        "id": "order-4",
        "positions": [
            "article-16",
            "article-24",
            "article-27"
        ]
    },
    {
        "id": "order-5",
        "positions": [
            "article-11",
            "article-4",
            "article-8"
        ]
    },
    {
        "id": "order-6",
        "positions": [
            "article-26",
            "article-7",
            "article-30"
        ]
    },
    {
        "id": "order-7",
        "positions": [
            "article-5",
            "article-19"
        ]
    },
    {
        "id": "order-8",
        "positions": [
            "article-25",
            "article-10",
            "article-13"
        ]
    },
    {
        "id": "order-9",
        "positions": [
            "article-14",
            "article-30"
        ]
    }
]