[
    {
        "id": "order-0",
        "positions": [
            "article-1039",
            "article-1725"
        ]
    },
    {
        "id": "order-1",
        "positions": [
            "article-2957",
            "article-27"
        ]
    },
    {
        "id": "order-2",
        "positions": [
            "article-1669",
            "article-1691",
            "article-2682"
        ]
    },
    {
        "id": "order-3",
        "positions": [
            "article-480",
            "article-849"
        ]
    },
    {
        "id": "order-4",
        "positions": [
            "article-2408",
            "article-70"
        ]
    },
    {
        "id": "order-5",
        "positions": [
            "article-1557",
            "article-2298",
            "article-2399",
            "article-2768"
        ]
    },
    {
        "id": "order-6",
        "positions": [
            "article-1258",
            "article-3067"
        ]
    },
    {
        "id": "order-7",
        "positions": [
            "article-194",
            "article-1783",
            "article-222",
            "article-2347",
            "article-1909",
            "article-998"
        ]
    },
    {
        "id": "order-8",
        "positions": [
            "article-2939",
            "article-2012",
            "article-1545"
        ]
    },
    {
        "id": "order-9",
        "positions": [
            "article-1638",
            "article-2307",
            "article-2883"
        ]
    },
    {
        "id": "order-10",
        "positions": [
            "article-2527",
            "article-1139",
            "article-330"
        ]
    },
    {
        "id": "order-11",
        "positions": [
            "article-1971",
            "article-1670",
            "article-2109"
        ]
    },
    {
        "id": "order-12",
        "positions": [
            "article-1347",
            "article-420"
        ]
    },
    {
        "id": "order-13",
        "positions": [
            "article-2334",
            "article-2538",
            "article-3123"
        ]
    },
    {
        "id": "order-14",
        "positions": [
            "article-2114",
            "article-1042"
        ]
    },
    {
        "id": "order-15",
        "positions": [
            "article-2187",
            "article-283"
        ]
    },
    {
        "id": "order-16",
        "positions": [
            "article-2092",
            "article-1142",
            "article-1330",
            "article-2849"
        ]
    },
    {
        "id": "order-17",
        "positions": [
            "article-3233",
            "article-2214",
            "article-2451",
            "article-2169"
        ]
    },
    {
        "id": "order-18",
        "positions": [
            "article-2911",
            "article-3002",
            "article-2015"
        ]
    },
    {
        "id": "order-19",
        "positions": [
            "article-539",
            "article-2020"
        ]
    },
    {
        "id": "order-20",
        "positions": [
            "article-419",
            "article-2658"
        ]
    },
    {
        "id": "order-21",
        "positions": [
            "article-514",
            "article-926"
        ]
    },
    {
        "id": "order-22",
        "positions": [
            "article-929",
            "article-1208",
            "article-640"
        ]
    },
    {
        "id": "order-23",
        "positions": [
            "article-771",
            "article-967",
            "article-2216"
        ]
    },
    {
        "id": "order-24",
        "positions": [
            "article-1087",
            "article-1189"
        ]
    },
    {
        "id": "order-25",
        "positions": [
            "article-2985",
            "article-3327"
        ]
    },
    {
        "id": "order-26",
        "positions": [
            "article-114",
            "article-1286",
            "article-1535"
        ]
    },
    {
        "id": "order-27",
        "positions": [
            "article-1088",
            "article-1023",
            "article-1941"
        ]
    },
    {
        "id": "order-28",
        "positions": [
            "article-370",
            "article-2105"
        ]
    },
    {
        "id": "order-29",
        "positions": [
            "article-847",
            "article-2561",
            "article-2289",
            "article-300"
        ]
    },
    {
        "id": "order-30",
        "positions": [
            "article-550",
            "article-2461"
        ]
    },
    {
        "id": "order-31",
        "positions": [
            "article-1941",
            "article-482",
            "article-338"
        ]
    },
    {
        "id": "order-32",
        "positions": [
            "article-479",
            "article-2109",
            "article-131",
            "article-2148"
        ]
    },
    {
        "id": "order-33",
        "positions": [
            "article-158",
            "article-1614"
        ]
    },
    {
        "id": "order-34",
        "positions": [
            "article-1496",
            "article-556"
        ]
    },
    {
        "id": "order-35",
        "positions": [
            "article-1081",
            "article-917"
        ]
    },
    {
        "id": "order-36",
        "positions": [
            "article-2907",
            "article-1255"
        ]
    },
    {
        "id": "order-37",
        "positions": [
            "article-585",
            "article-314",
            "article-999",
            "article-2748",
            "article-1500"
        ]
    },
    {
        "id": "order-38",
        "positions": [
            "article-1386",
            "article-2422",
            "article-1948",
            "article-3227"
        ]
    },
    {
        "id": "order-39",
        "positions": [
            "article-3197",
            "article-1211",
            "article-1198"
        ]
    },
    {
        "id": "order-40",
        "positions": [
            "article-965",
            "article-1763",
            "article-2550",
            "article-2582"
        ]
    },
    {
        "id": "order-41",
        "positions": [
            "article-1250",
            "article-1715"
        ]
    },
    {
        "id": "order-42",
        "positions": [
            "article-2064",
            "article-1756",
            "article-677"
        ]
    },
    {
        "id": "order-43",
        "positions": [
            "article-1322",
            "article-2291",
            "article-2535"
        ]
    },
    {
        "id": "order-44",
        "positions": [
            "article-1568",
            "article-1344"
        ]
    },
    {
        "id": "order-45",
        "positions": [
            "article-1363",
            "article-566"
        ]
    },
    {
        "id": "order-46",
        "positions": [
            "article-3235",
            "article-376",
            "article-2715",
            "article-2121"
        ]
    },
    {
        "id": "order-47",
        "positions": [
            "article-1890",
            "article-793"
        ]
    },
    {
        "id": "order-48",
        "positions": [
            "article-454",
            "article-1459"
        ]
    },
    {
        "id": "order-49",
        "positions": [
            "article-52",
            "article-2819"
        ]
    },
    {
        "id": "order-50",
        "positions": [
            "article-1452",
            "article-1094"
        ]
    },
    {
        "id": "order-51",
        "positions": [
            "article-2165",
            "article-608",
            "article-2551"
        ]
    },
    {
        "id": "order-52",
        "positions": [
            "article-1719",
            "article-1614"
        ]
    },
    {
        "id": "order-53",
        "positions": [
            "article-2491",
            "article-1962"
        ]
    },
    {
        "id": "order-54",
        "positions": [
            "article-2138",
            "article-2850",
            "article-2331"
        ]
    },
    {
        "id": "order-55",
        "positions": [
            "article-1780",
            "article-1539"
        ]
    },
    {
        "id": "order-56",
        "positions": [
            "article-2515",
            "article-2716"
        ]
    },
    {
        "id": "order-57",
        "positions": [
            "article-2729",
            "article-853"
        ]
    },
    {
        "id": "order-58",
        "positions": [
            "article-1805",
            "article-3129",
            "article-2294",
            "article-2471",
            "article-1297"
        ]
    },
    {
        "id": "order-59",
        "positions": [
            "article-2180",
            "article-2131"
        ]
    },
    {
        "id": "order-60",
        "positions": [
            "article-2322",
            "article-1247"
        ]
    },
    {
        "id": "order-61",
        "positions": [
            "article-3160",
            "article-988",
            "article-3078"
        ]
    },
    {
        "id": "order-62",
        "positions": [
            "article-1306",
            "article-219"
        ]
    },
    {
        "id": "order-63",
        "positions": [
            "article-2949",
            "article-1573"
        ]
    },
    {
        "id": "order-64",
        "positions": [
            "article-146",
            "article-1361",
            "article-1841"
        ]
    },
    {
        "id": "order-65",
        "positions": [
            "article-2343",
            "article-2743"
        ]
    },
    {
        "id": "order-66",
        "positions": [
            "article-2197",
            "article-921"
        ]
    },
    {
        "id": "order-67",
        "positions": [
            "article-2657",
            "article-1735"
        ]
    },
    {
        "id": "order-68",
        "positions": [
            "article-2246",
            "article-2260"
        ]
    },
    {
        "id": "order-69",
        "positions": [
            "article-907",
            "article-2442"
        ]
    },
    {
        "id": "order-70",
        "positions": [
            "article-2427",
            "article-1757",
            "article-577",
            "article-1120"
        ]
    },
    {
        "id": "order-71",
        "positions": [
            "article-908",
            "article-2017"
        ]
    },
    {
        "id": "order-72",
        "positions": [
            "article-2573",
            "article-1859",
            "article-2203"
        ]
    },
    {
        "id": "order-73",
        "positions": [
            "article-2028",
            "article-3109"
        ]
    },
    {
        "id": "order-74",
        "positions": [
            "article-2004",
            "article-2422"
        ]
    },
    {
        "id": "order-75",
        "positions": [
            "article-2704",
            "article-1320"
        ]
    },
    {
        "id": "order-76",
        "positions": [
            "article-2901",
            "article-459"
        ]
    },
    {
        "id": "order-77",
        "positions": [
            "article-65",
            "article-1219",
            "article-329",
            "article-885"
        ]
    },
    {
        "id": "order-78",
        "positions": [
            "article-1932",
            "article-526",
            "article-1759",
            "article-2974"
        ]
    },
    {
        "id": "order-79",
        "positions": [
            "article-1315",
            "article-2354",
            "article-821",
            "article-1640",
            "article-3304"
        ]
    },
    {
        "id": "order-80",
        "positions": [
            "article-3163",
            "article-217",
            "article-943"
        ]
    },
    {
        "id": "order-81",
        "positions": [
            "article-2182",
            "article-868",
            "article-1292"
        ]
    },
    {
        "id": "order-82",
        "positions": [
            "article-1945",
            "article-375"
        ]
    },
    {
        "id": "order-83",
        "positions": [
            "article-1332",
            "article-1424"
        ]
    },
    {
        "id": "order-84",
        "positions": [
            "article-2945",
            "article-348",
            "article-2371"
        ]
    },
    {
        "id": "order-85",
        "positions": [
            "article-1889",
            "article-1688",
            "article-1030"
        ]
    },
    {
        "id": "order-86",
        "positions": [
            "article-1893",
            "article-3236"
        ]
    },
    {
        "id": "order-87",
        "positions": [
            "article-1970",
            "article-1677"
        ]
    },
    {
        "id": "order-88",
        "positions": [
            "article-1248",
            "article-1484",
            "article-9",
            "article-234"
        ]
    },
    {
        "id": "order-89",
        "positions": [
            "article-1756",
            "article-2489",
            "article-1406",
            "article-159"
        ]
    },
    {
        "id": "order-90",
        "positions": [
            "article-2211",
            "article-3103"
        ]
    },
    {
        "id": "order-91",
        "positions": [
            "article-2960",
            "article-1207",
            "article-2393"
        ]
    },
    {
        "id": "order-92",
        "positions": [
            "article-2309",
            "article-331"
        ]
    },
    {
        "id": "order-93",
        "positions": [
            "article-1616",
            "article-2025"
        ]
    },
    {
        "id": "order-94",
        "positions": [
            "article-3291",
            "article-537",
            "article-2539",
            "article-1303"
        ]
    },
    {
        "id": "order-95",
        "positions": [
            "article-2410",
            "article-1987",
            "article-3066"
        ]
    },
    {
        "id": "order-96",
        "positions": [
            "article-1707",
            "article-1329"
        ]
    },
    {
        "id": "order-97",
        "positions": [
            "article-76",
            "article-1777"
        ]
    },
    {
        "id": "order-98",
        "positions": [
            "article-2304",
            "article-2138",
            "article-384",
            "article-1855"
        ]
    },
    {
        "id": "order-99",
        "positions": [
            "article-36",
            "article-1737",
            "article-1474",
            "article-3090"
        ]
    },
    {
        "id": "order-100",
        "positions": [
            "article-1060",
            "article-2074"
        ]
    },
    {
        "id": "order-101",
        "positions": [
            "article-509",
            "article-2127"
        ]
    },
    {
        "id": "order-102",
        "positions": [
            "article-2037",
            "article-1050"
        ]
    },
    {
        "id": "order-103",
        "positions": [
            "article-2628",
            "article-367",
            "article-982",
            "article-781"
        ]
    },
    {
        "id": "order-104",
        "positions": [
            "article-3076",
            "article-1545"
        ]
    },
    {
        "id": "order-105",
        "positions": [
            "article-799",
            "article-1247"
        ]
    },
    {
        "id": "order-106",
        "positions": [
            "article-2261",
            "article-3149",
            "article-318"
        ]
    },
    {
        "id": "order-107",
        "positions": [
            "article-2737",
            "article-3322"
        ]
    },
    {
        "id": "order-108",
        "positions": [
            "article-2807",
            "article-1051",
            "article-1826",
            "article-2193"
        ]
    },
    {
        "id": "order-109",
        "positions": [
            "article-2744",
            "article-1082"
        ]
    },
    {
        "id": "order-110",
        "positions": [
            "article-5",
            "article-676",
            "article-2604"
        ]
    },
    {
        "id": "order-111",
        "positions": [
            "article-738",
            "article-1621"
        ]
    },
    {
        "id": "order-112",
        "positions": [
            "article-3034",
            "article-1637",
            "article-332"
        ]
    },
    {
        "id": "order-113",
        "positions": [
            "article-1158",
            "article-1303",
            "article-981"
        ]
    },
    {
        "id": "order-114",
        "positions": [
            "article-987",
            "article-1406"
        ]
    },
    {
        "id": "order-115",
        "positions": [
            "article-3194",
            "article-1942",
            "article-2047"
        ]
    },
    {
        "id": "order-116",
        "positions": [
            "article-132",
            "article-1878"
        ]
    },
    {
        "id": "order-117",
        "positions": [
            "article-1223",
            "article-2914",
            "article-3274",
            "article-1855"
        ]
    },
    {
        "id": "order-118",
        "positions": [
            "article-1400",
            "article-516"
        ]
    },
    {
        "id": "order-119",
        "positions": [
            "article-3082",
            "article-1422"
        ]
    },
    {
        "id": "order-120",
        "positions": [
            "article-243",
            "article-1774"
        ]
    },
    {
        "id": "order-121",
        "positions": [
            "article-1037",
            "article-470"
        ]
    },
    {
        "id": "order-122",
        "positions": [
            "article-1073",
            "article-2750"
        ]
    },
    {
        "id": "order-123",
        "positions": [
            "article-762",
            "article-942",
            "article-1588"
        ]
    },
    {
        "id": "order-124",
        "positions": [
            "article-473",
            "article-1627"
        ]
    },
    {
        "id": "order-125",
        "positions": [
            "article-2116",
            "article-2859"
        ]
    },
    {
        "id": "order-126",
        "positions": [
            "article-2007",
            "article-2922",
            "article-1389"
        ]
    },
    {
        "id": "order-127",
        "positions": [
            "article-387",
            "article-3029"
        ]
    },
    {
        "id": "order-128",
        "positions": [
            "article-727",
            "article-3191",
            "article-3075",
            "article-3253"
        ]
    },
    {
        "id": "order-129",
        "positions": [
            "article-2146",
            "article-549",
            "article-3162"
        ]
    },
    {
        "id": "order-130",
        "positions": [
            "article-3185",
            "article-3214"
        ]
    },
    {
        "id": "order-131",
        "positions": [
            "article-698",
            "article-1881",
            "article-3141"
        ]
    },
    {
        "id": "order-132",
        "positions": [
            "article-419",
            "article-48"
        ]
    },
    {
        "id": "order-133",
        "positions": [
            "article-1874",
            "article-3030"
        ]
    },
    {
        "id": "order-134",
        "positions": [
            "article-3217",
            "article-1014",
            "article-1341"
        ]
    },
    {
        "id": "order-135",
        "positions": [
            "article-1090",
            "article-1197"
        ]
    },
    {
        "id": "order-136",
        "positions": [
            "article-479",
            "article-3313"
        ]
    },
    {
        "id": "order-137",
        "positions": [
            "article-803",
            "article-2296",
            "article-2687"
        ]
    },
    {
        "id": "order-138",
        "positions": [
            "article-104",
            "article-2105",
            "article-628",
            "article-3120",
            "article-2166",
            "article-1443"
        ]
    },
    {
        "id": "order-139",
        "positions": [
            "article-1156",
            "article-2969"
        ]
    },
    {
        "id": "order-140",
        "positions": [
            "article-1538",
            "article-2248",
            "article-1206"
        ]
    },
    {
        "id": "order-141",
        "positions": [
            "article-2546",
            "article-1175"
        ]
    },
    {
        "id": "order-142",
        "positions": [
            "article-2567",
            "article-2468"
        ]
    },
    {
        "id": "order-143",
        "positions": [
            "article-1164",
            "article-1148",
            "article-10",
            "article-2031"
        ]
    },
    {
        "id": "order-144",
        "positions": [
            "article-1977",
            "article-3002",
            "article-1771"
        ]
    },
    {
        "id": "order-145",
        "positions": [
            "article-551",
            "article-1704"
        ]
    },
    {
        "id": "order-146",
        "positions": [
            "article-2506",
            "article-962",
            "article-806"
        ]
    },
    {
        "id": "order-147",
        "positions": [
            "article-852",
            "article-951"
        ]
    },
    {
        "id": "order-148",
        "positions": [
            "article-1194",
            "article-375",
            "article-2450"
        ]
    },
    {
        "id": "order-149",
        "positions": [
            "article-3143",
            "article-2481"
        ]
    },
    {
        "id": "order-150",
        "positions": [
            "article-1958",
            "article-117",
            "article-1568"
        ]
    },
    {
        "id": "order-151",
        "positions": [
            "article-2478",
            "article-1005"
        ]
    },
    {
        "id": "order-152",
        "positions": [
            "article-1494",
            "article-2350"
        ]
    },
    {
        "id": "order-153",
        "positions": [
            "article-259",
            "article-1506"
        ]
    },
    {
        "id": "order-154",
        "positions": [
            "article-2362",
            "article-140"
        ]
    },
    {
        "id": "order-155",
        "positions": [
            "article-3251",
            "article-677"
        ]
    },
    {
        "id": "order-156",
        "positions": [
            "article-3324",
            "article-2486",
            "article-1268"
        ]
    },
    {
        "id": "order-157",
        "positions": [
            "article-2251",
            "article-3018"
        ]
    },
    {
        "id": "order-158",
        "positions": [
            "article-145",
            "article-1439",
            "article-1982",
            "article-1177"
        ]
    },
    {
        "id": "order-159",
        "positions": [
            "article-3053",
            "article-592"
        ]
    },
    {
        "id": "order-160",
        "positions": [
            "article-275",
            "article-243"
        ]
    },
    {
        "id": "order-161",
        "positions": [
            "article-2420",
            "article-2398",
            "article-1241",
            "article-1959"
        ]
    },
    {
        "id": "order-162",
        "positions": [
            "article-1726",
            "article-1189",
            "article-1560"
        ]
    },
    {
        "id": "order-163",
        "positions": [
            "article-1993",
            "article-324",
            "article-1413",
            "article-1432"
        ]
    },
    {
        "id": "order-164",
        "positions": [
            "article-2473",
            "article-3129",
            "article-467"
        ]
    },
    {
        "id": "order-165",
        "positions": [
            "article-2091",
            "article-742",
            "article-1383"
        ]
    },
    {
        "id": "order-166",
        "positions": [
            "article-1633",
            "article-1471",
            "article-2604"
        ]
    },
    {
        "id": "order-167",
        "positions": [
            "article-512",
            "article-2353"
        ]
    },
    {
        "id": "order-168",
        "positions": [
            "article-1712",
            "article-2226"
        ]
    },
    {
        "id": "order-169",
        "positions": [
            "article-2146",
            "article-1860"
        ]
    },
    {
        "id": "order-170",
        "positions": [
            "article-770",
            "article-3157"
        ]
    },
    {
        "id": "order-171",
        "positions": [
            "article-1451",
            "article-2810"
        ]
    },
    {
        "id": "order-172",
        "positions": [
            "article-449",
            "article-3155"
        ]
    },
    {
        "id": "order-173",
        "positions": [
            "article-2550",
            "article-2519",
            "article-2269",
            "article-1791"
        ]
    },
    {
        "id": "order-174",
        "positions": [
            "article-785",
            "article-405"
        ]
    },
    {
        "id": "order-175",
        "positions": [
            "article-1958",
            "article-1454"
        ]
    },
    {
        "id": "order-176",
        "positions": [
            "article-1167",
            "article-2444",
            "article-182"
        ]
    },
    {
        "id": "order-177",
        "positions": [
            "article-1983",
            "article-832"
        ]
    },
    {
        "id": "order-178",
        "positions": [
            "article-2244",
            "article-384",
            "article-2390",
            "article-2519"
        ]
    },
    {
        "id": "order-179",
        "positions": [
            "article-613",
            "article-1959"
        ]
    },
    {
        "id": "order-180",
        "positions": [
            "article-1293",
            "article-3293"
        ]
    },
    {
        "id": "order-181",
        "positions": [
            "article-3288",
            "article-590"
        ]
    },
    {
        "id": "order-182",
        "positions": [
            "article-900",
            "article-1256",
            "article-1711"
        ]
    },
    {
        "id": "order-183",
        "positions": [
            "article-0",
            "article-2625",
            "article-2276"
        ]
    },
    {
        "id": "order-184",
        "positions": [
            "article-273",
            "article-2031",
            "article-1226",
            "article-149"
        ]
    },
    {
        "id": "order-185",
        "positions": [
            "article-941",
            "article-7",
            "article-1319"
        ]
    },
    {
        "id": "order-186",
        "positions": [
            "article-1197",
            "article-990",
            "article-1451"
        ]
    },
    {
        "id": "order-187",
        "positions": [
            "article-857",
            "article-306"
        ]
    },
    {
        "id": "order-188",
        "positions": [
            "article-1521",
            "article-529"
        ]
    },
    {
        "id": "order-189",
        "positions": [
            "article-2778",
            "article-891"
        ]
    },
    {
        "id": "order-190",
        "positions": [
            "article-1578",
            "article-1122",
            "article-3"
        ]
    },
    {
        "id": "order-191",
        "positions": [
            "article-2689",
            "article-1558",
            "article-427",
            "article-401"
        ]
    },
    {
        "id": "order-192",
        "positions": [
            "article-491",
            "article-1799",
            "article-26"
        ]
    },
    {
        "id": "order-193",
        "positions": [
            "article-3",
            "article-162"
        ]
    },
    {
        "id": "order-194",
        "positions": [
            "article-2027",
            "article-3169",
            "article-1542",
            "article-533"
        ]
    },
    {
        "id": "order-195",
        "positions": [
            "article-2863",
            "article-132",
            "article-2615"
        ]
    },
    {
        "id": "order-196",
        "positions": [
            "article-2716",
            "article-2195"
        ]
    },
    {
        "id": "order-197",
        "positions": [
            "article-237",
            "article-3284",
            "article-3015",
            "article-809",
            "article-2994"
        ]
    },
    {
        "id": "order-198",
        "positions": [
            "article-2521",
            "article-2337"
        ]
    },
    {
        "id": "order-199",
        "positions": [
            "article-977",
            "article-959",
            "article-2906",
            "article-464"
        ]
    },
    {
        "id": "order-200",
        "positions": [
            "article-2862",
            "article-729"
        ]
    },
    {
        "id": "order-201",
        "positions": [
            "article-2796",
            "article-2258"
        ]
    },
    {
        "id": "order-202",
        "positions": [
            "article-1882",
            "article-360"
        ]
    },
    {
        "id": "order-203",
        "positions": [
            "article-2194",
            "article-717",
            "article-2096",
            "article-16"
        ]
    },
    {
        "id": "order-204",
        "positions": [
            "article-3071",
            "article-2864",
            "article-2516"
        ]
    },
    {
        "id": "order-205",
        "positions": [
            "article-2233",
            "article-43",
            "article-3291",
            "article-2436"
        ]
    },
    {
        "id": "order-206",
        "positions": [
            "article-1114",
            "article-1342"
        ]
    },
    {
        "id": "order-207",
        "positions": [
            "article-1063",
            "article-1993"
        ]
    },
    {
        "id": "order-208",
        "positions": [
            "article-238",
            "article-3277",
            "article-2374"
        ]
    },
    {
        "id": "order-209",
        "positions": [
            "article-3120",
            "article-560"
        ]
    },
    {
        "id": "order-210",
        "positions": [
            "article-420",
            "article-2210",
            "article-1974"
        ]
    },
    {
        "id": "order-211",
        "positions": [
            "article-1954",
            "article-2741"
        ]
    },
    {
        "id": "order-212",
        "positions": [
            "article-1819",
            "article-132",
            "article-426",
            "article-740",
            "article-3215",
            "article-2117"
        ]
    },
    {
        "id": "order-213",
        "positions": [
            "article-2888",
            "article-1856",
            "article-2379"
        ]
    },
    {
        "id": "order-214",
        "positions": [
            "article-1387",
            "article-2269"
        ]
    },
    {
        "id": "order-215",
        "positions": [
            "article-1990",
            "article-662"
        ]
    },
    {
        "id": "order-216",
        "positions": [
            "article-2034",
            "article-3138",
            "article-2999"
        ]
    },
    {
        "id": "order-217",
        "positions": [
            "article-1698",
            "article-2586",
            "article-1434"
        ]
    },
    {
        "id": "order-218",
        "positions": [
            "article-162",
            "article-601",
            "article-2920"
        ]
    },
    {
        "id": "order-219",
        "positions": [
            "article-1333",
            "article-787"
        ]
    },
    {
        "id": "order-220",
        "positions": [
            "article-606",
            "article-3113",
            "article-767"
        ]
    },
    {
        "id": "order-221",
        "positions": [
            "article-622",
            "article-1887",
            "article-2290"
        ]
    },
    {
        "id": "order-222",
        "positions": [
            "article-2812",
            "article-1633"
        ]
    },
    {
        "id": "order-223",
        "positions": [
            "article-321",
            "article-2363",
            "article-2257"
        ]
    },
    {
        "id": "order-224",
        "positions": [
            "article-1926",
            "article-3285"
        ]
    },
    {
        "id": "order-225",
        "positions": [
            "article-1096",
            "article-2234"
        ]
    },
    {
        "id": "order-226",
        "positions": [
            "article-371",
            "article-605",
            "article-1439"
        ]
    },
    {
        "id": "order-227",
        "positions": [
            "article-2948",
            "article-2895",
            "article-2457",
            "article-1377",
            "article-881"
        ]
    },
    {
        "id": "order-228",
        "positions": [
            "article-990",
            "article-980",
            "article-1401"
        ]
    },
    {
        "id": "order-229",
        "positions": [
            "article-705",
            "article-2528"
        ]
    },
    {
        "id": "order-230",
        "positions": [
            "article-2438",
            "article-2487"
        ]
    },
    {
        "id": "order-231",
        "positions": [
            "article-2960",
            "article-683"
        ]
    },
    {
        "id": "order-232",
        "positions": [
            "article-1890",
            "article-3307",
            "article-3315"
        ]
    },
    {
        "id": "order-233",
        "positions": [
            "article-2979",
            "article-2939",
            "article-1644"
        ]
    },
    {
        "id": "order-234",
        "positions": [
            "article-227",
            "article-1689",
            "article-1647",
            "article-3065"
        ]
    },
    {
        "id": "order-235",
        "positions": [
            "article-1423",
            "article-3"
        ]
    },
    {
        "id": "order-236",
        "positions": [
            "article-3052",
            "article-1555",
            "article-848"
        ]
    },
    {
        "id": "order-237",
        "positions": [
            "article-171",
            "article-2268",
            "article-1818",
            "article-2380"
        ]
    },
    {
        "id": "order-238",
        "positions": [
            "article-1509",
            "article-114",
            "article-2584"
        ]
    },
    {
        "id": "order-239",
        "positions": [
            "article-1824",
            "article-691"
        ]
    },
    {
        "id": "order-240",
        "positions": [
            "article-1060",
            "article-2011",
            "article-813"
        ]
    },
    {
        "id": "order-241",
        "positions": [
            "article-1981",
            "article-2587"
        ]
    },
    {
        "id": "order-242",
        "positions": [
            "article-313",
            "article-2640"
        ]
    },
    {
        "id": "order-243",
        "positions": [
            "article-396",
            "article-933"
        ]
    },
    {
        "id": "order-244",
        "positions": [
            "article-2845",
            "article-275"
        ]
    },
    {
        "id": "order-245",
        "positions": [
            "article-1847",
            "article-728"
        ]
    },
    {
        "id": "order-246",
        "positions": [
            "article-2536",
            "article-1796",
            "article-616"
        ]
    },
    {
        "id": "order-247",
        "positions": [
            "article-2395",
            "article-9"
        ]
    },
    {
        "id": "order-248",
        "positions": [
            "article-1701",
            "article-2618",
            "article-2092"
        ]
    },
    {
        "id": "order-249",
        "positions": [
            "article-958",
            "article-1365",
            "article-1872",
            "article-1598"
        ]
    },
    {
        "id": "order-250",
        "positions": [
            "article-3218",
            "article-1672"
        ]
    },
    {
        "id": "order-251",
        "positions": [
            "article-3238",
            "article-1715"
        ]
    },
    {
        "id": "order-252",
        "positions": [
            "article-1465",
            "article-1087"
        ]
    },
    {
        "id": "order-253",
        "positions": [
            "article-2415",
            "article-2718"
        ]
    },
    {
        "id": "order-254",
        "positions": [
            "article-2454",
            "article-1163",
            "article-1272"
        ]
    },
    {
        "id": "order-255",
        "positions": [
            "article-1088",
            "article-1270",
            "article-2397"
        ]
    },
    {
        "id": "order-256",
        "positions": [
            "article-2226",
            "article-1797",
            "article-817",
            "article-1654",
            "article-260"
        ]
    },
    {
        "id": "order-257",
        "positions": [
            "article-2776",
            "article-1789"
        ]
    },
    {
        "id": "order-258",
        "positions": [
            "article-1021",
            "article-340"
        ]
    },
    {
        "id": "order-259",
        "positions": [
            "article-2374",
            "article-2114"
        ]
    },
    {
        "id": "order-260",
        "positions": [
            "article-809",
            "article-922"
        ]
    },
    {
        "id": "order-261",
        "positions": [
            "article-1537",
            "article-2084"
        ]
    },
    {
        "id": "order-262",
        "positions": [
            "article-1855",
            "article-3034",
            "article-2744"
        ]
    },
    {
        "id": "order-263",
        "positions": [
            "article-632",
            "article-1228",
            "article-510",
            "article-991"
        ]
    },
    {
        "id": "order-264",
        "positions": [
            "article-45",
            "article-1061"
        ]
    },
    {
        "id": "order-265",
        "positions": [
            "article-2183",
            "article-3244"
        ]
    },
    {
        "id": "order-266",
        "positions": [
            "article-1732",
            "article-2876",
            "article-3091"
        ]
    },
    {
        "id": "order-267",
        "positions": [
            "article-2424",
            "article-2267",
            "article-1321"
        ]
    },
    {
        "id": "order-268",
        "positions": [
            "article-3112",
            "article-254"
        ]
    },
    {
        "id": "order-269",
        "positions": [
            "article-1207",
            "article-3070"
        ]
    },
    {
        "id": "order-270",
        "positions": [
            "article-3001",
            "article-1102",
            "article-2346"
        ]
    },
    {
        "id": "order-271",
        "positions": [
            "article-672",
            "article-1499",
            "article-1983"
        ]
    },
    {
        "id": "order-272",
        "positions": [
            "article-599",
            "article-1911",
            "article-2148"
        ]
    },
    {
        "id": "order-273",
        "positions": [
            "article-824",
            "article-933",
            "article-1641",
            "article-2350"
        ]
    },
    {
        "id": "order-274",
        "positions": [
            "article-2640",
            "article-2431"
        ]
    },
    {
        "id": "order-275",
        "positions": [
            "article-3284",
            "article-1584"
        ]
    },
    {
        "id": "order-276",
        "positions": [
            "article-1242",
            "article-2662",
            "article-794"
        ]
    },
    {
        "id": "order-277",
        "positions": [
            "article-1491",
            "article-3204"
        ]
    },
    {
        "id": "order-278",
        "positions": [
            "article-2164",
            "article-3015",
            "article-1304"
        ]
    },
    {
        "id": "order-279",
        "positions": [
            "article-3092",
            "article-182"
        ]
    },
    {
        "id": "order-280",
        "positions": [
            "article-3287",
            "article-2205"
        ]
    },
    {
        "id": "order-281",
        "positions": [
            "article-2336",
            "article-3245"
        ]
    },
    {
        "id": "order-282",
        "positions": [
            "article-1769",
            "article-3094"
        ]
    },
    {
        "id": "order-283",
        "positions": [
            "article-3278",
            "article-236",
            "article-1115",
            "article-2981"
        ]
    },
    {
        "id": "order-284",
        "positions": [
            "article-2466",
            "article-3151"
        ]
    },
    {
        "id": "order-285",
        "positions": [
            "article-2276",
            "article-187"
        ]
    },
    {
        "id": "order-286",
        "positions": [
            "article-769",
            "article-49"
        ]
    },
    {
        "id": "order-287",
        "positions": [
            "article-1711",
            "article-997"
        ]
    },
    {
        "id": "order-288",
        "positions": [
            "article-2884",
            "article-976"
        ]
    },
    {
        "id": "order-289",
        "positions": [
            "article-2339",
            "article-2172"
        ]
    },
    {
        "id": "order-290",
        "positions": [
            "article-3084",
            "article-219",
            "article-734",
            "article-2390"
        ]
    },
    {
        "id": "order-291",
        "positions": [
            "article-2441",
            "article-2487",
            "article-1626",
            "article-2910"
        ]
    },
    {
        "id": "order-292",
        "positions": [
            "article-815",
            "article-1908"
        ]
    },
    {
        "id": "order-293",
        "positions": [
            "article-211",
            "article-170",
            "article-2166",
            "article-813"
        ]
    },
    {
        "id": "order-294",
        "positions": [
            "article-1425",
            "article-737"
        ]
    },
    {
        "id": "order-295",
        "positions": [
            "article-1624",
            "article-2486"
        ]
    },
    {
        "id": "order-296",
        "positions": [
            "article-1390",
            "article-408"
        ]
    },
    {
        "id": "order-297",
        "positions": [
            "article-741",
            "article-82"
        ]
    },
    {
        "id": "order-298",
        "positions": [
            "article-1065",
            "article-2391"
        ]
    },
    {
        "id": "order-299",
        "positions": [
            "article-1793",
            "article-2201"
        ]
    },
    {
        "id": "order-300",
        "positions": [
            "article-2670",
            "article-1577"
        ]
    },
    {
        "id": "order-301",
        "positions": [
            "article-874",
            "article-2679"
        ]
    },
    {
        "id": "order-302",
        "positions": [
            "article-652",
            "article-3008"
        ]
    },
    {
        "id": "order-303",
        "positions": [
            "article-2442",
            "article-1925",
            "article-2439"
        ]
    },
    {
        "id": "order-304",
        "positions": [
            "article-1062",
            "article-3274"
        ]
    },
    {
        "id": "order-305",
        "positions": [
            "article-3240",
            "article-1461",
            "article-2706"
        ]
    },
    {
        "id": "order-306",
        "positions": [
            "article-1857",
            "article-2134",
            "article-1958"
        ]
    },
    {
        "id": "order-307",
        "positions": [
            "article-906",
            "article-1726"
        ]
    },
    {
        "id": "order-308",
        "positions": [
            "article-2263",
            "article-871"
        ]
    },
    {
        "id": "order-309",
        "positions": [
            "article-2736",
            "article-1069"
        ]
    },
    {
        "id": "order-310",
        "positions": [
            "article-1293",
            "article-24"
        ]
    },
    {
        "id": "order-311",
        "positions": [
            "article-734",
            "article-2334",
            "article-479"
        ]
    },
    {
        "id": "order-312",
        "positions": [
            "article-37",
            "article-1500",
            "article-2921",
            "article-3124"
        ]
    },
    {
        "id": "order-313",
        "positions": [
            "article-680",
            "article-1729"
        ]
    },
    {
        "id": "order-314",
        "positions": [
            "article-2827",
            "article-899"
        ]
    },
    {
        "id": "order-315",
        "positions": [
            "article-1180",
            "article-1189",
            "article-2415",
            "article-2834",
            "article-1982"
        ]
    },
    {
        "id": "order-316",
        "positions": [
            "article-55",
            "article-2958"
        ]
    },
    {
        "id": "order-317",
        "positions": [
            "article-1882",
            "article-2123",
            "article-1137"
        ]
    },
    {
        "id": "order-318",
        "positions": [
            "article-2174",
            "article-2699",
            "article-1909"
        ]
    },
    {
        "id": "order-319",
        "positions": [
            "article-2707",
            "article-227"
        ]
    },
    {
        "id": "order-320",
        "positions": [
            "article-1889",
            "article-2793",
            "article-2148",
            "article-1194"
        ]
    },
    {
        "id": "order-321",
        "positions": [
            "article-495",
            "article-798"
        ]
    },
    {
        "id": "order-322",
        "positions": [
            "article-2141",
            "article-2286"
        ]
    },
    {
        "id": "order-323",
        "positions": [
            "article-3156",
            "article-1204"
        ]
    },
    {
        "id": "order-324",
        "positions": [
            "article-2547",
            "article-658",
            "article-1694"
        ]
    },
    {
        "id": "order-325",
        "positions": [
            "article-1330",
            "article-1050",
            "article-1360"
        ]
    },
    {
        "id": "order-326",
        "positions": [
            "article-802",
            "article-2028",
            "article-463"
        ]
    },
    {
        "id": "order-327",
        "positions": [
            "article-579",
            "article-119",
            "article-3124"
        ]
    },
    {
        "id": "order-328",
        "positions": [
            "article-425",
            "article-949"
        ]
    },
    {
        "id": "order-329",
        "positions": [
            "article-2257",
            "article-860"
        ]
    },
    {
        "id": "order-330",
        "positions": [
            "article-2156",
            "article-889"
        ]
    },
    {
        "id": "order-331",
        "positions": [
            "article-315",
            "article-1631"
        ]
    },
    {
        "id": "order-332",
        "positions": [
            "article-2608",
            "article-121"
        ]
    },
    {
        "id": "order-333",
        "positions": [
            "article-1872",
            "article-3268",
            "article-497",
            "article-15"
        ]
    },
    {
        "id": "order-334",
        "positions": [
            "article-1155",
            "article-139",
            "article-440"
        ]
    },
    {
        "id": "order-335",
        "positions": [
            "article-1701",
            "article-1959",
            "article-2517",
            "article-2969"
        ]
    },
    {
        "id": "order-336",
        "positions": [
            "article-2295",
            "article-583"
        ]
    },
    {
        "id": "order-337",
        "positions": [
            "article-1185",
            "article-2988"
        ]
    },
    {
        "id": "order-338",
        "positions": [
            "article-1798",
            "article-2191"
        ]
    },
    {
        "id": "order-339",
        "positions": [
            "article-1200",
            "article-1672",
            "article-2224",
            "article-50",
            "article-1917"
        ]
    },
    {
        "id": "order-340",
        "positions": [
            "article-1532",
            "article-1386"
        ]
    },
    {
        "id": "order-341",
        "positions": [
            "article-359",
            "article-748"
        ]
    },
    {
        "id": "order-342",
        "positions": [
            "article-1983",
            "article-2246",
            "article-1953",
            "article-1862"
        ]
    },
    {
        "id": "order-343",
        "positions": [
            "article-1980",
            "article-902",
            "article-2576"
        ]
    },
    {
        "id": "order-344",
        "positions": [
            "article-16",
            "article-737",
            "article-892",
            "article-225"
        ]
    },
    {
        "id": "order-345",
        "positions": [
            "article-559",
            "article-1338"
        ]
    },
    {
        "id": "order-346",
        "positions": [
            "article-635",
            "article-3289",
            "article-1759"
        ]
    },
    {
        "id": "order-347",
        "positions": [
            "article-2972",
            "article-2303"
        ]
    },
    {
        "id": "order-348",
        "positions": [
            "article-2389",
            "article-95",
            "article-3085"
        ]
    },
    {
        "id": "order-349",
        "positions": [
            "article-1540",
            "article-2176",
            "article-3036",
            "article-1516"
        ]
    },
    {
        "id": "order-350",
        "positions": [
            "article-574",
            "article-2761",
            "article-2798"
        ]
    },
    {
        "id": "order-351",
        "positions": [
            "article-2732",
            "article-736",
            "article-104",
            "article-2140"
        ]
    },
    {
        "id": "order-352",
        "positions": [
            "article-591",
            "article-1299"
        ]
    },
    {
        "id": "order-353",
        "positions": [
            "article-1131",
            "article-1742",
            "article-2863",
            "article-2940"
        ]
    },
    {
        "id": "order-354",
        "positions": [
            "article-2122",
            "article-1608",
            "article-55",
            "article-855"
        ]
    },
    {
        "id": "order-355",
        "positions": [
            "article-1223",
            "article-1512",
            "article-632"
        ]
    },
    {
        "id": "order-356",
        "positions": [
            "article-1701",
            "article-328",
            "article-3059"
        ]
    },
    {
        "id": "order-357",
        "positions": [
            "article-637",
            "article-1975",
            "article-820",
            "article-611"
        ]
    },
    {
        "id": "order-358",
        "positions": [
            "article-3069",
            "article-1381",
            "article-1546",
            "article-974"
        ]
    },
    {
        "id": "order-359",
        "positions": [
            "article-1436",
            "article-2067"
        ]
    },
    {
        "id": "order-360",
        "positions": [
            "article-1957",
            "article-2841"
        ]
    },
    {
        "id": "order-361",
        "positions": [
            "article-3098",
            "article-940",
            "article-1526",
            "article-964"
        ]
    },
    {
        "id": "order-362",
        "positions": [
            "article-2219",
            "article-1384",
            "article-2467",
            "article-507"
        ]
    },
    {
        "id": "order-363",
        "positions": [
            "article-624",
            "article-2856",
            "article-1181"
        ]
    },
    {
        "id": "order-364",
        "positions": [
            "article-418",
            "article-439"
        ]
    },
    {
        "id": "order-365",
        "positions": [
            "article-1596",
            "article-1752",
            "article-1027"
        ]
    },
    {
        "id": "order-366",
        "positions": [
            "article-954",
            "article-850"
        ]
    },
    {
        "id": "order-367",
        "positions": [
            "article-1678",
            "article-106"
        ]
    },
    {
        "id": "order-368",
        "positions": [
            "article-2345",
            "article-2229"
        ]
    },
    {
        "id": "order-369",
        "positions": [
            "article-1169",
            "article-1995",
            "article-1003",
            "article-911",
            "article-1217",
            "article-2586"
        ]
    },
    {
        "id": "order-370",
        "positions": [
            "article-1075",
            "article-3298"
        ]
    },
    {
        "id": "order-371",
        "positions": [
            "article-3272",
            "article-77",
            "article-1747"
        ]
    },
    {
        "id": "order-372",
        "positions": [
            "article-829",
            "article-2473"
        ]
    },
    {
        "id": "order-373",
        "positions": [
            "article-620",
            "article-145"
        ]
    },
    {
        "id": "order-374",
        "positions": [
            "article-117",
            "article-2205",
            "article-2236"
        ]
    },
    {
        "id": "order-375",
        "positions": [
            "article-2100",
            "article-2511"
        ]
    },
    {
        "id": "order-376",
        "positions": [
            "article-823",
            "article-1933"
        ]
    },
    {
        "id": "order-377",
        "positions": [
            "article-2887",
            "article-645"
        ]
    },
    {
        "id": "order-378",
        "positions": [
            "article-3263",
            "article-825",
            "article-2543"
        ]
    },
    {
        "id": "order-379",
        "positions": [
            "article-1258",
            "article-1204",
            "article-593"
        ]
    },
    {
        "id": "order-380",
        "positions": [
            "article-1934",
            "article-430"
        ]
    },
    {
        "id": "order-381",
        "positions": [
            "article-383",
            "article-1264"
        ]
    },
    {
        "id": "order-382",
        "positions": [
            "article-602",
            "article-1381",
            "article-155",
            "article-1870"
        ]
    },
    {
        "id": "order-383",
        "positions": [
            "article-2228",
            "article-3192"
        ]
    },
    {
        "id": "order-384",
        "positions": [
            "article-3125",
            "article-275"
        ]
    },
    {
        "id": "order-385",
        "positions": [
            "article-1182",
            "article-2502",
            "article-98"
        ]
    },
    {
        "id": "order-386",
        "positions": [
            "article-2719",
            "article-585",
            "article-595",
            "article-184"
        ]
    },
    {
        "id": "order-387",
        "positions": [
            "article-381",
            "article-280"
        ]
    },
    {
        "id": "order-388",
        "positions": [
            "article-2813",
            "article-1518",
            "article-1269"
        ]
    },
    {
        "id": "order-389",
        "positions": [
            "article-2035",
            "article-391",
            "article-793"
        ]
    },
    {
        "id": "order-390",
        "positions": [
            "article-3299",
            "article-911"
        ]
    },
    {
        "id": "order-391",
        "positions": [
            "article-2462",
            "article-1214",
            "article-2197",
            "article-1028",
            "article-2951"
        ]
    },
    {
        "id": "order-392",
        "positions": [
            "article-2770",
            "article-3078"
        ]
    },
    {
        "id": "order-393",
        "positions": [
            "article-2596",
            "article-1409"
        ]
    },
    {
        "id": "order-394",
        "positions": [
            "article-1589",
            "article-337",
            "article-809"
        ]
    },
    {
        "id": "order-395",
        "positions": [
            "article-845",
            "article-2348",
            "article-292"
        ]
    },
    {
        "id": "order-396",
        "positions": [
            "article-59",
            "article-897"
        ]
    },
    {
        "id": "order-397",
        "positions": [
            "article-3114",
            "article-2034"
        ]
    },
    {
        "id": "order-398",
        "positions": [
            "article-469",
            "article-2853"
        ]
    },
    {
        "id": "order-399",
        "positions": [
            "article-2518",
            "article-16"
        ]
    },
    {
        "id": "order-400",
        "positions": [
            "article-2588",
            "article-2234",
            "article-404"
        ]
    },
    {
        "id": "order-401",
        "positions": [
            "article-1224",
            "article-1945"
        ]
    },
    {
        "id": "order-402",
        "positions": [
            "article-893",
            "article-2683"
        ]
    },
    {
        "id": "order-403",
        "positions": [
            "article-1548",
            "article-157",
            "article-23"
        ]
    },
    {
        "id": "order-404",
        "positions": [
            "article-2427",
            "article-2538"
        ]
    },
    {
        "id": "order-405",
        "positions": [
            "article-2359",
            "article-3059",
            "article-1039"
        ]
    },
    {
        "id": "order-406",
        "positions": [
            "article-2094",
            "article-3194"
        ]
    },
    {
        "id": "order-407",
        "positions": [
            "article-1147",
            "article-2926"
        ]
    },
    {
        "id": "order-408",
        "positions": [
            "article-1493",
            "article-380"
        ]
    },
    {
        "id": "order-409",
        "positions": [
            "article-74",
            "article-314",
            "article-2425"
        ]
    },
    {
        "id": "order-410",
        "positions": [
            "article-2886",
            "article-952",
            "article-2946"
        ]
    },
    {
        "id": "order-411",
        "positions": [
            "article-2959",
            "article-509",
            "article-639",
            "article-2370"
        ]
    },
    {
        "id": "order-412",
        "positions": [
            "article-2381",
            "article-1816",
            "article-256",
            "article-1788",
            "article-1742",
            "article-165"
        ]
    },
    {
        "id": "order-413",
        "positions": [
            "article-1706",
            "article-2082",
            "article-626"
        ]
    },
    {
        "id": "order-414",
        "positions": [
            "article-2551",
            "article-483"
        ]
    },
    {
        "id": "order-415",
        "positions": [
            "article-2480",
            "article-1550"
        ]
    },
    {
        "id": "order-416",
        "positions": [
            "article-1331",
            "article-1582",
            "article-1794",
            "article-941"
        ]
    },
    {
        "id": "order-417",
        "positions": [
            "article-2612",
            "article-2092"
        ]
    },
    {
        "id": "order-418",
        "positions": [
            "article-2791",
            "article-3022"
        ]
    },
    {
        "id": "order-419",
        "positions": [
            "article-2319",
            "article-75"
        ]
    },
    {
        "id": "order-420",
        "positions": [
            "article-989",
            "article-3020"
        ]
    },
    {
        "id": "order-421",
        "positions": [
            "article-150",
            "article-2252",
            "article-3130",
            "article-1779",
            "article-900"
        ]
    },
    {
        "id": "order-422",
        "positions": [
            "article-3083",
            "article-1260",
            "article-2257",
            "article-142"
        ]
    },
    {
        "id": "order-423",
        "positions": [
            "article-2375",
            "article-2453",
            "article-810"
        ]
    },
    {
        "id": "order-424",
        "positions": [
            "article-2986",
            "article-2563"
        ]
    },
    {
        "id": "order-425",
        "positions": [
            "article-3258",
            "article-2231"
        ]
    },
    {
        "id": "order-426",
        "positions": [
            "article-2305",
            "article-244",
            "article-1872",
            "article-972"
        ]
    },
    {
        "id": "order-427",
        "positions": [
            "article-3330",
            "article-1955"
        ]
    },
    {
        "id": "order-428",
        "positions": [
            "article-2799",
            "article-1562"
        ]
    },
    {
        "id": "order-429",
        "positions": [
            "article-2587",
            "article-1627"
        ]
    },
    {
        "id": "order-430",
        "positions": [
            "article-2380",
            "article-1475",
            "article-1557"
        ]
    },
    {
        "id": "order-431",
        "positions": [
            "article-2163",
            "article-1812"
        ]
    },
    {
        "id": "order-432",
        "positions": [
            "article-620",
            "article-1102"
        ]
    },
    {
        "id": "order-433",
        "positions": [
            "article-2744",
            "article-2558",
            "article-904"
        ]
    },
    {
        "id": "order-434",
        "positions": [
            "article-753",
            "article-2657",
            "article-493"
        ]
    },
    {
        "id": "order-435",
        "positions": [
            "article-1855",
            "article-399"
        ]
    },
    {
        "id": "order-436",
        "positions": [
            "article-2071",
            "article-747"
        ]
    },
    {
        "id": "order-437",
        "positions": [
            "article-2",
            "article-1433"
        ]
    },
    {
        "id": "order-438",
        "positions": [
            "article-2930",
            "article-1088"
        ]
    },
    {
        "id": "order-439",
        "positions": [
            "article-709",
            "article-1441",
            "article-840"
        ]
    },
    {
        "id": "order-440",
        "positions": [
            "article-1573",
            "article-1201",
            "article-1752"
        ]
    },
    {
        "id": "order-441",
        "positions": [
            "article-218",
            "article-2048",
            "article-2621",
            "article-2498"
        ]
    },
    {
        "id": "order-442",
        "positions": [
            "article-2762",
            "article-28"
        ]
    },
    {
        "id": "order-443",
        "positions": [
            "article-2629",
            "article-2822"
        ]
    },
    {
        "id": "order-444",
        "positions": [
            "article-1983",
            "article-2392"
        ]
    },
    {
        "id": "order-445",
        "positions": [
            "article-261",
            "article-2133"
        ]
    },
    {
        "id": "order-446",
        "positions": [
            "article-411",
            "article-900"
        ]
    },
    {
        "id": "order-447",
        "positions": [
            "article-157",
            "article-2649"
        ]
    },
    {
        "id": "order-448",
        "positions": [
            "article-3044",
            "article-2087"
        ]
    },
    {
        "id": "order-449",
        "positions": [
            "article-3120",
            "article-561",
            "article-412"
        ]
    },
    {
        "id": "order-450",
        "positions": [
            "article-1717",
            "article-1180"
        ]
    },
    {
        "id": "order-451",
        "positions": [
            "article-359",
            "article-2183"
        ]
    },
    {
        "id": "order-452",
        "positions": [
            "article-3252",
            "article-3137",
            "article-305"
        ]
    },
    {
        "id": "order-453",
        "positions": [
            "article-1115",
            "article-2"
        ]
    },
    {
        "id": "order-454",
        "positions": [
            "article-422",
            "article-2613"
        ]
    },
    {
        "id": "order-455",
        "positions": [
            "article-3208",
            "article-34",
            "article-2072"
        ]
    },
    {
        "id": "order-456",
        "positions": [
            "article-2223",
            "article-365"
        ]
    },
    {
        "id": "order-457",
        "positions": [
            "article-1642",
            "article-1673",
            "article-695"
        ]
    },
    {
        "id": "order-458",
        "positions": [
            "article-2079",
            "article-1591"
        ]
    },
    {
        "id": "order-459",
        "positions": [
            "article-1779",
            "article-133",
            "article-1966"
        ]
    },
    {
        "id": "order-460",
        "positions": [
            "article-2301",
            "article-1839"
        ]
    },
    {
        "id": "order-461",
        "positions": [
            "article-2174",
            "article-137"
        ]
    },
    {
        "id": "order-462",
        "positions": [
            "article-196",
            "article-454"
        ]
    },
    {
        "id": "order-463",
        "positions": [
            "article-1071",
            "article-957"
        ]
    },
    {
        "id": "order-464",
        "positions": [
            "article-2202",
            "article-766",
            "article-2303"
        ]
    },
    {
        "id": "order-465",
        "positions": [
            "article-1817",
            "article-2818",
            "article-1763"
        ]
    },
    {
        "id": "order-466",
        "positions": [
            "article-1481",
            "article-2225",
            "article-1708"
        ]
    },
    {
        "id": "order-467",
        "positions": [
            "article-2690",
            "article-2925"
        ]
    },
    {
        "id": "order-468",
        "positions": [
            "article-3015",
            "article-2334",
            "article-1830",
            "article-490",
            "article-565"
        ]
    },
    {
        "id": "order-469",
        "positions": [
            "article-3030",
            "article-1135",
            "article-858",
            "article-2124",
            "article-3094"
        ]
    },
    {
        "id": "order-470",
        "positions": [
            "article-333",
            "article-159",
            "article-1966",
            "article-2206"
        ]
    },
    {
        "id": "order-471",
        "positions": [
            "article-1746",
            "article-491",
            "article-1217"
        ]
    },
    {
        "id": "order-472",
        "positions": [
            "article-1361",
            "article-701"
        ]
    },
    {
        "id": "order-473",
        "positions": [
            "article-1618",
            "article-2059",
            "article-3040",
            "article-2248"
        ]
    },
    {
        "id": "order-474",
        "positions": [
            "article-948",
            "article-2649"
        ]
    },
    {
        "id": "order-475",
        "positions": [
            "article-2118",
            "article-3202",
            "article-1691"
        ]
    },
    {
        "id": "order-476",
        "positions": [
            "article-221",
            "article-2684",
            "article-2823"
        ]
    },
    {
        "id": "order-477",
        "positions": [
            "article-1013",
            "article-1678",
            "article-2784",
            "article-2062"
        ]
    },
    {
        "id": "order-478",
        "positions": [
            "article-89",
            "article-495"
        ]
    },
    {
        "id": "order-479",
        "positions": [
            "article-2582",
            "article-2704"
        ]
    },
    {
        "id": "order-480",
        "positions": [
            "article-2672",
            "article-1990"
        ]
    },
    {
        "id": "order-481",
        "positions": [
            "article-1013",
            "article-919",
            "article-1922"
        ]
    },
    {
        "id": "order-482",
        "positions": [
            "article-2271",
            "article-1266"
        ]
    },
    {
        "id": "order-483",
        "positions": [
            "article-674",
            "article-833",
            "article-2231"
        ]
    },
    {
        "id": "order-484",
        "positions": [
            "article-2640",
            "article-1541",
            "article-1612",
            "article-2987"
        ]
    },
    {
        "id": "order-485",
        "positions": [
            "article-407",
            "article-2886"
        ]
    },
    {
        "id": "order-486",
        "positions": [
            "article-2590",
            "article-2572",
            "article-707",
            "article-2584"
        ]
    },
    {
        "id": "order-487",
        "positions": [
            "article-3149",
            "article-1850",
            "article-2433",
            "article-3261",
            "article-1288"
        ]
    },
    {
        "id": "order-488",
        "positions": [
            "article-3025",
            "article-920"
        ]
    },
    {
        "id": "order-489",
        "positions": [
            "article-3074",
            "article-795",
            "article-472"
        ]
    },
    {
        "id": "order-490",
        "positions": [
            "article-2168",
            "article-344"
        ]
    },
    {
        "id": "order-491",
        "positions": [
            "article-2371",
            "article-1111"
        ]
    },
    {
        "id": "order-492",
        "positions": [
            "article-2037",
            "article-2824"
        ]
    },
    {
        "id": "order-493",
        "positions": [
            "article-3065",
            "article-2650"
        ]
    },
    {
        "id": "order-494",
        "positions": [
            "article-1606",
            "article-692",
            "article-1916",
            "article-2066"
        ]
    },
    {
        "id": "order-495",
        "positions": [
            "article-3024",
            "article-662",
            "article-566"
        ]
    },
    {
        "id": "order-496",
        "positions": [
            "article-777",
            "article-1597",
            "article-661",
            "article-1343"
        ]
    },
    {
        "id": "order-497",
        "positions": [
            "article-691",
            "article-3292",
            "article-968",
            "article-568",
            "article-3177"
        ]
    },
    {
        "id": "order-498",
        "positions": [
            "article-1323",
            "article-1843",
            "article-1445",
            "article-2359"
        ]
    },
    {
        "id": "order-499",
        "positions": [
            "article-2636",
            "article-2691",
            "article-1729"
        ]
    }
]