[
    {
        "id": "order-0",
        "positions": [
            "article-3039",
            "article-344"
        ]
    },
    {
        "id": "order-1",
        "positions": [
            "article-1873",
            "article-1978"
        ]
    },
    {
        "id": "order-2",
        "positions": [
            "article-601",
            "article-1810"
        ]
    },
    {
        "id": "order-3",
        "positions": [
            "article-1808",
            "article-2714"
        ]
    },
    {
        "id": "order-4",
        "positions": [
            "article-1998",
            "article-29"
        ]
    },
    {
        "id": "order-5",
        "positions": [
            "article-691",
            "article-2597"
        ]
    },
    {
        "id": "order-6",
        "positions": [
            "article-245",
            "article-456",
            "article-3187"
        ]
    },
    {
        "id": "order-7",
        "positions": [
            "article-3030",
            "article-2692"
        ]
    },
    {
        "id": "order-8",
        "positions": [
            "article-3042",
            "article-2231"
        ]
    },
    {
        "id": "order-9",
        "positions": [
            "article-922",
            "article-3232",
            "article-376",
            "article-3110"
        ]
    },
    {
        "id": "order-10",
        "positions": [
            "article-2508",
            "article-961",
            "article-721",
            "article-1708"
        ]
    },
    {
        "id": "order-11",
        "positions": [
            "article-498",
            "article-1365"
        ]
    },
    {
        "id": "order-12",
        "positions": [
            "article-1707",
            "article-839",
            "article-2167",
            "article-131"
        ]
    },
    {
        "id": "order-13",
        "positions": [
            "article-2248",
            "article-3157",
            "article-2965"
        ]
    },
    {
        "id": "order-14",
        "positions": [
            "article-2818",
            "article-2538",
            "article-2600",
            "article-1512",
            "article-1957",
            "article-1531"
        ]
    },
    {
        "id": "order-15",
        "positions": [
            "article-2526",
            "article-1837"
        ]
    },
    {
        "id": "order-16",
        "positions": [
            "article-2901",
            "article-598"
        ]
    },
    {
        "id": "order-17",
        "positions": [
            "article-3001",
            "article-2500",
            "article-1533",
            "article-749"
        ]
    },
    {
        "id": "order-18",
        "positions": [
            "article-316",
            "article-1218",
            "article-2816"
        ]
    },
    {
        "id": "order-19",
        "positions": [
            "article-3041",
            "article-2181"
        ]
    },
    {
        "id": "order-20",
        "positions": [
            "article-2075",
            "article-2223",
            "article-1197"
        ]
    },
    {
        "id": "order-21",
        "positions": [
            "article-850",
            "article-2547"
        ]
    },
    {
        "id": "order-22",
        "positions": [
            "article-605",
            "article-1354",
            "article-560"
        ]
    },
    {
        "id": "order-23",
        "positions": [
            "article-2268",
            "article-3252"
        ]
    },
    {
        "id": "order-24",
        "positions": [
            "article-2783",
            "article-2814",
            "article-1272"
        ]
    },
    {
        "id": "order-25",
        "positions": [
            "article-2927",
            "article-1786",
            "article-3112"
        ]
    },
    {
        "id": "order-26",
        "positions": [
            "article-2632",
            "article-1523"
        ]
    },
    {
        "id": "order-27",
        "positions": [
            "article-1026",
            "article-286",
            "article-408",
            "article-325"
        ]
    },
    {
        "id": "order-28",
        "positions": [
            "article-2422",
            "article-2900",
            "article-340"
        ]
    },
    {
        "id": "order-29",
        "positions": [
            "article-600",
            "article-522"
        ]
    },
    {
        "id": "order-30",
        "positions": [
            "article-2867",
            "article-965",
            "article-1219"
        ]
    },
    {
        "id": "order-31",
        "positions": [
            "article-2598",
            "article-2225"
        ]
    },
    {
        "id": "order-32",
        "positions": [
            "article-1344",
            "article-2432",
            "article-3311"
        ]
    },
    {
        "id": "order-33",
        "positions": [
            "article-1225",
            "article-2522"
        ]
    },
    {
        "id": "order-34",
        "positions": [
            "article-708",
            "article-579"
        ]
    },
    {
        "id": "order-35",
        "positions": [
            "article-1813",
            "article-168"
        ]
    },
    {
        "id": "order-36",
        "positions": [
            "article-737",
            "article-2138",
            "article-3137"
        ]
    },
    {
        "id": "order-37",
        "positions": [
            "article-986",
            "article-1875"
        ]
    },
    {
        "id": "order-38",
        "positions": [
            "article-1460",
            "article-2260",
            "article-1743"
        ]
    },
    {
        "id": "order-39",
        "positions": [
            "article-1349",
            "article-1916"
        ]
    },
    {
        "id": "order-40",
        "positions": [
            "article-544",
            "article-3216",
            "article-2995"
        ]
    },
    {
        "id": "order-41",
        "positions": [
            "article-2408",
            "article-2501"
        ]
    },
    {
        "id": "order-42",
        "positions": [
            "article-1154",
            "article-2530",
            "article-3108",
            "article-1160"
        ]
    },
    {
        "id": "order-43",
        "positions": [
            "article-657",
            "article-2655"
        ]
    },
    {
        "id": "order-44",
        "positions": [
            "article-919",
            "article-827"
        ]
    },
    {
        "id": "order-45",
        "positions": [
            "article-3171",
            "article-2533",
            "article-2566"
        ]
    },
    {
        "id": "order-46",
        "positions": [
            "article-2162",
            "article-2832",
            "article-2358"
        ]
    },
    {
        "id": "order-47",
        "positions": [
            "article-2335",
            "article-556",
            "article-558"
        ]
    },
    {
        "id": "order-48",
        "positions": [
            "article-3176",
            "article-1755"
        ]
    },
    {
        "id": "order-49",
        "positions": [
            "article-1420",
            "article-2726",
            "article-1597",
            "article-1613"
        ]
    },
    {
        "id": "order-50",
        "positions": [
            "article-1311",
            "article-3279"
        ]
    },
    {
        "id": "order-51",
        "positions": [
            "article-1929",
            "article-1713"
        ]
    },
    {
        "id": "order-52",
        "positions": [
            "article-1345",
            "article-2137",
            "article-1100",
            "article-1815"
        ]
    },
    {
        "id": "order-53",
        "positions": [
            "article-2011",
            "article-1096",
            "article-1091"
        ]
    },
    {
        "id": "order-54",
        "positions": [
            "article-1327",
            "article-1966"
        ]
    },
    {
        "id": "order-55",
        "positions": [
            "article-1851",
            "article-681"
        ]
    },
    {
        "id": "order-56",
        "positions": [
            "article-1412",
            "article-1969",
            "article-817"
        ]
    },
    {
        "id": "order-57",
        "positions": [
            "article-3309",
            "article-1027"
        ]
    },
    {
        "id": "order-58",
        "positions": [
            "article-1620",
            "article-482"
        ]
    },
    {
        "id": "order-59",
        "positions": [
            "article-3116",
            "article-2463"
        ]
    },
    {
        "id": "order-60",
        "positions": [
            "article-1632",
            "article-2339",
            "article-1180"
        ]
    },
    {
        "id": "order-61",
        "positions": [
            "article-121",
            "article-2236"
        ]
    },
    {
        "id": "order-62",
        "positions": [
            "article-2459",
            "article-1921"
        ]
    },
    {
        "id": "order-63",
        "positions": [
            "article-2106",
            "article-1593"
        ]
    },
    {
        "id": "order-64",
        "positions": [
            "article-900",
            "article-2552",
            "article-841",
            "article-1849"
        ]
    },
    {
        "id": "order-65",
        "positions": [
            "article-2615",
            "article-464",
            "article-379"
        ]
    },
    {
        "id": "order-66",
        "positions": [
            "article-2380",
            "article-2023"
        ]
    },
    {
        "id": "order-67",
        "positions": [
            "article-496",
            "article-605"
        ]
    },
    {
        "id": "order-68",
        "positions": [
            "article-248",
            "article-2693"
        ]
    },
    {
        "id": "order-69",
        "positions": [
            "article-2924",
            "article-150"
        ]
    },
    {
        "id": "order-70",
        "positions": [
            "article-771",
            "article-3026"
        ]
    },
    {
        "id": "order-71",
        "positions": [
            "article-204",
            "article-2668"
        ]
    },
    {
        "id": "order-72",
        "positions": [
            "article-664",
            "article-1962"
        ]
    },
    {
        "id": "order-73",
        "positions": [
            "article-2948",
            "article-2321"
        ]
    },
    {
        "id": "order-74",
        "positions": [
            "article-1475",
            "article-2156"
        ]
    },
    {
        "id": "order-75",
        "positions": [
            "article-2639",
            "article-412"
        ]
    },
    {
        "id": "order-76",
        "positions": [
            "article-491",
            "article-2907",
            "article-2425"
        ]
    },
    {
        "id": "order-77",
        "positions": [
            "article-805",
            "article-1407",
            "article-1395"
        ]
    },
    {
        "id": "order-78",
        "positions": [
            "article-606",
            "article-1257",
            "article-1403",
            "article-1332"
        ]
    },
    {
        "id": "order-79",
        "positions": [
            "article-1114",
            "article-3206",
            "article-135",
            "article-3268"
        ]
    },
    {
        "id": "order-80",
        "positions": [
            "article-735",
            "article-1420"
        ]
    },
    {
        "id": "order-81",
        "positions": [
            "article-195",
            "article-1292",
            "article-1378",
            "article-3077"
        ]
    },
    {
        "id": "order-82",
        "positions": [
            "article-964",
            "article-2975",
            "article-3189"
        ]
    },
    {
        "id": "order-83",
        "positions": [
            "article-1001",
            "article-1318",
            "article-290"
        ]
    },
    {
        "id": "order-84",
        "positions": [
            "article-559",
            "article-1987",
            "article-2580"
        ]
    },
    {
        "id": "order-85",
        "positions": [
            "article-2418",
            "article-2826",
            "article-2212",
            "article-1416"
        ]
    },
    {
        "id": "order-86",
        "positions": [
            "article-1442",
            "article-2472"
        ]
    },
    {
        "id": "order-87",
        "positions": [
            "article-2229",
            "article-1269",
            "article-1257",
            "article-2530"
        ]
    },
    {
        "id": "order-88",
        "positions": [
            "article-3313",
            "article-306",
            "article-2770",
            "article-1426"
        ]
    },
    {
        "id": "order-89",
        "positions": [
            "article-1558",
            "article-2997",
            "article-3222"
        ]
    },
    {
        "id": "order-90",
        "positions": [
            "article-1818",
            "article-1665"
        ]
    },
    {
        "id": "order-91",
        "positions": [
            "article-1644",
            "article-1404"
        ]
    },
    {
        "id": "order-92",
        "positions": [
            "article-101",
            "article-3179",
            "article-1229"
        ]
    },
    {
        "id": "order-93",
        "positions": [
            "article-1912",
            "article-2970",
            "article-3193",
            "article-127"
        ]
    },
    {
        "id": "order-94",
        "positions": [
            "article-3152",
            "article-461"
        ]
    },
    {
        "id": "order-95",
        "positions": [
            "article-1801",
            "article-2296"
        ]
    },
    {
        "id": "order-96",
        "positions": [
            "article-872",
            "article-2545",
            "article-3096",
            "article-2583"
        ]
    },
    {
        "id": "order-97",
        "positions": [
            "article-733",
            "article-1234",
            "article-114"
        ]
    },
    {
        "id": "order-98",
        "positions": [
            "article-2088",
            "article-3270"
        ]
    },
    {
        "id": "order-99",
        "positions": [
            "article-460",
            "article-2823",
            "article-1614"
        ]
    },
    {
        "id": "order-100",
        "positions": [
            "article-391",
            "article-743"
        ]
    },
    {
        "id": "order-101",
        "positions": [
            "article-2453",
            "article-1691"
        ]
    },
    {
        "id": "order-102",
        "positions": [
            "article-2207",
            "article-1533"
        ]
    },
    {
        "id": "order-103",
        "positions": [
            "article-89",
            "article-1830"
        ]
    },
    {
        "id": "order-104",
        "positions": [
            "article-259",
            "article-2252",
            "article-776"
        ]
    },
    {
        "id": "order-105",
        "positions": [
            "article-72",
            "article-694",
            "article-596",
            "article-355"
        ]
    },
    {
        "id": "order-106",
        "positions": [
            "article-1303",
            "article-1100",
            "article-1142"
        ]
    },
    {
        "id": "order-107",
        "positions": [
            "article-2020",
            "article-816"
        ]
    },
    {
        "id": "order-108",
        "positions": [
            "article-3060",
            "article-1597"
        ]
    },
    {
        "id": "order-109",
        "positions": [
            "article-1884",
            "article-2731"
        ]
    },
    {
        "id": "order-110",
        "positions": [
            "article-2743",
            "article-2444"
        ]
    },
    {
        "id": "order-111",
        "positions": [
            "article-2255",
            "article-1473",
            "article-2246",
            "article-482"
        ]
    },
    {
        "id": "order-112",
        "positions": [
            "article-710",
            "article-1793",
            "article-433",
            "article-2545"
        ]
    },
    {
        "id": "order-113",
        "positions": [
            "article-2975",
            "article-1146"
        ]
    },
    {
        "id": "order-114",
        "positions": [
            "article-1292",
            "article-2470"
        ]
    },
    {
        "id": "order-115",
        "positions": [
            "article-1268",
            "article-1004",
            "article-1096"
        ]
    },
    {
        "id": "order-116",
        "positions": [
            "article-3035",
            "article-43"
        ]
    },
    {
        "id": "order-117",
        "positions": [
            "article-2780",
            "article-890",
            "article-909"
        ]
    },
    {
        "id": "order-118",
        "positions": [
            "article-757",
            "article-2374",
            "article-861"
        ]
    },
    {
        "id": "order-119",
        "positions": [
            "article-2740",
            "article-2967",
            "article-1750",
            "article-1909"
        ]
    },
    {
        "id": "order-120",
        "positions": [
            "article-1855",
            "article-867"
        ]
    },
    {
        "id": "order-121",
        "positions": [
            "article-713",
            "article-1597",
            "article-2617"
        ]
    },
    {
        "id": "order-122",
        "positions": [
            "article-372",
            "article-347",
            "article-2645"
        ]
    },
    {
        "id": "order-123",
        "positions": [
            "article-2998",
            "article-2588"
        ]
    },
    {
        "id": "order-124",
        "positions": [
            "article-1053",
            "article-2431",
            "article-466"
        ]
    },
    {
        "id": "order-125",
        "positions": [
            "article-315",
            "article-2036"
        ]
    },
    {
        "id": "order-126",
        "positions": [
            "article-1397",
            "article-1980"
        ]
    },
    {
        "id": "order-127",
        "positions": [
            "article-594",
            "article-1784"
        ]
    },
    {
        "id": "order-128",
        "positions": [
            "article-3189",
            "article-2512",
            "article-1018"
        ]
    },
    {
        "id": "order-129",
        "positions": [
            "article-935",
            "article-1021"
        ]
    },
    {
        "id": "order-130",
        "positions": [
            "article-1873",
            "article-540",
            "article-1199"
        ]
    },
    {
        "id": "order-131",
        "positions": [
            "article-2964",
            "article-711",
            "article-907"
        ]
    },
    {
        "id": "order-132",
        "positions": [
            "article-3019",
            "article-1134"
        ]
    },
    {
        "id": "order-133",
        "positions": [
            "article-205",
            "article-2564"
        ]
    },
    {
        "id": "order-134",
        "positions": [
            "article-3230",
            "article-2249"
        ]
    },
    {
        "id": "order-135",
        "positions": [
            "article-1919",
            "article-1783",
            "article-426",
            "article-1719"
        ]
    },
    {
        "id": "order-136",
        "positions": [
            "article-2968",
            "article-2785",
            "article-595",
            "article-835"
        ]
    },
    {
        "id": "order-137",
        "positions": [
            "article-2174",
            "article-2409",
            "article-2478"
        ]
    },
    {
        "id": "order-138",
        "positions": [
            "article-822",
            "article-1240",
            "article-2175"
        ]
    },
    {
        "id": "order-139",
        "positions": [
            "article-1763",
            "article-2318",
            "article-467"
        ]
    },
    {
        "id": "order-140",
        "positions": [
            "article-1180",
            "article-2288"
        ]
    },
    {
        "id": "order-141",
        "positions": [
            "article-871",
            "article-182"
        ]
    },
    {
        "id": "order-142",
        "positions": [
            "article-1336",
            "article-806"
        ]
    },
    {
        "id": "order-143",
        "positions": [
            "article-1637",
            "article-2994"
        ]
    },
    {
        "id": "order-144",
        "positions": [
            "article-2020",
            "article-1452"
        ]
    },
    {
        "id": "order-145",
        "positions": [
            "article-2631",
            "article-1995",
            "article-1645",
            "article-1159"
        ]
    },
    {
        "id": "order-146",
        "positions": [
            "article-643",
            "article-329",
            "article-1186"
        ]
    },
    {
        "id": "order-147",
        "positions": [
            "article-717",
            "article-1060",
            "article-824",
            "article-386"
        ]
    },
    {
        "id": "order-148",
        "positions": [
            "article-1151",
            "article-1870"
        ]
    },
    {
        "id": "order-149",
        "positions": [
            "article-2996",
            "article-2739"
        ]
    },
    {
        "id": "order-150",
        "positions": [
            "article-69",
            "article-1436",
            "article-1270"
        ]
    },
    {
        "id": "order-151",
        "positions": [
            "article-1184",
            "article-3168"
        ]
    },
    {
        "id": "order-152",
        "positions": [
            "article-2075",
            "article-2673",
            "article-2224"
        ]
    },
    {
        "id": "order-153",
        "positions": [
            "article-2570",
            "article-2540"
        ]
    },
    {
        "id": "order-154",
        "positions": [
            "article-983",
            "article-742"
        ]
    },
    {
        "id": "order-155",
        "positions": [
            "article-2550",
            "article-3245",
            "article-2468"
        ]
    },
    {
        "id": "order-156",
        "positions": [
            "article-1292",
            "article-608"
        ]
    },
    {
        "id": "order-157",
        "positions": [
            "article-569",
            "article-2276"
        ]
    },
    {
        "id": "order-158",
        "positions": [
            "article-1087",
            "article-173",
            "article-2044"
        ]
    },
    {
        "id": "order-159",
        "positions": [
            "article-3229",
            "article-1105"
        ]
    },
    {
        "id": "order-160",
        "positions": [
            "article-1392",
            "article-2207",
            "article-2134"
        ]
    },
    {
        "id": "order-161",
        "positions": [
            "article-1308",
            "article-2850"
        ]
    },
    {
        "id": "order-162",
        "positions": [
            "article-1873",
            "article-3184",
            "article-3328"
        ]
    },
    {
        "id": "order-163",
        "positions": [
            "article-267",
            "article-1093"
        ]
    },
    {
        "id": "order-164",
        "positions": [
            "article-1905",
            "article-1567",
            "article-1980",
            "article-639"
        ]
    },
    {
        "id": "order-165",
        "positions": [
            "article-2188",
            "article-2409"
        ]
    },
    {
        "id": "order-166",
        "positions": [
            "article-1553",
            "article-1344"
        ]
    },
    {
        "id": "order-167",
        "positions": [
            "article-140",
            "article-588"
        ]
    },
    {
        "id": "order-168",
        "positions": [
            "article-1664",
            "article-2981",
            "article-2070"
        ]
    },
    {
        "id": "order-169",
        "positions": [
            "article-1961",
            "article-562"
        ]
    },
    {
        "id": "order-170",
        "positions": [
            "article-321",
            "article-564",
            "article-1613"
        ]
    },
    {
        "id": "order-171",
        "positions": [
            "article-2130",
            "article-1398",
            "article-882"
        ]
    },
    {
        "id": "order-172",
        "positions": [
            "article-2191",
            "article-2533"
        ]
    },
    {
        "id": "order-173",
        "positions": [
            "article-3285",
            "article-1553",
            "article-2186"
        ]
    },
    {
        "id": "order-174",
        "positions": [
            "article-2814",
            "article-2874"
        ]
    },
    {
        "id": "order-175",
        "positions": [
            "article-1978",
            "article-1566",
            "article-629",
            "article-2453"
        ]
    },
    {
        "id": "order-176",
        "positions": [
            "article-1227",
            "article-3135"
        ]
    },
    {
        "id": "order-177",
        "positions": [
            "article-707",
            "article-1917"
        ]
    },
    {
        "id": "order-178",
        "positions": [
            "article-2543",
            "article-487"
        ]
    },
    {
        "id": "order-179",
        "positions": [
            "article-2871",
            "article-679",
            "article-2383"
        ]
    },
    {
        "id": "order-180",
        "positions": [
            "article-1290",
            "article-2683",
            "article-1655",
            "article-2914"
        ]
    },
    {
        "id": "order-181",
        "positions": [
            "article-613",
            "article-2819",
            "article-1147",
            "article-2393",
            "article-2302"
        ]
    },
    {
        "id": "order-182",
        "positions": [
            "article-3228",
            "article-1212",
            "article-1514"
        ]
    },
    {
        "id": "order-183",
        "positions": [
            "article-1495",
            "article-963",
            "article-1510"
        ]
    },
    {
        "id": "order-184",
        "positions": [
            "article-2991",
            "article-875"
        ]
    },
    {
        "id": "order-185",
        "positions": [
            "article-1983",
            "article-2556"
        ]
    },
    {
        "id": "order-186",
        "positions": [
            "article-139",
            "article-1698"
        ]
    },
    {
        "id": "order-187",
        "positions": [
            "article-372",
            "article-21"
        ]
    },
    {
        "id": "order-188",
        "positions": [
            "article-1287",
            "article-549"
        ]
    },
    {
        "id": "order-189",
        "positions": [
            "article-2962",
            "article-2335",
            "article-2691"
        ]
    },
    {
        "id": "order-190",
        "positions": [
            "article-133",
            "article-2930",
            "article-453"
        ]
    },
    {
        "id": "order-191",
        "positions": [
            "article-1335",
            "article-2695",
            "article-2076",
            "article-1334",
            "article-2298"
        ]
    },
    {
        "id": "order-192",
        "positions": [
            "article-603",
            "article-2888",
            "article-2208",
            "article-651"
        ]
    },
    {
        "id": "order-193",
        "positions": [
            "article-2314",
            "article-1300",
            "article-1517",
            "article-963"
        ]
    },
    {
        "id": "order-194",
        "positions": [
            "article-1527",
            "article-1050",
            "article-3148"
        ]
    },
    {
        "id": "order-195",
        "positions": [
            "article-2191",
            "article-2304"
        ]
    },
    {
        "id": "order-196",
        "positions": [
            "article-210",
            "article-2213"
        ]
    },
    {
        "id": "order-197",
        "positions": [
            "article-1041",
            "article-3214",
            "article-696"
        ]
    },
    {
        "id": "order-198",
        "positions": [
            "article-2593",
            "article-1734",
            "article-1856"
        ]
    },
    {
        "id": "order-199",
        "positions": [
            "article-285",
            "article-1735",
            "article-3321",
            "article-933"
        ]
    },
    {
        "id": "order-200",
        "positions": [
            "article-520",
            "article-2987"
        ]
    },
    {
        "id": "order-201",
        "positions": [
            "article-2210",
            "article-3222",
            "article-2944"
        ]
    },
    {
        "id": "order-202",
        "positions": [
            "article-2310",
            "article-2856",
            "article-258"
        ]
    },
    {
        "id": "order-203",
        "positions": [
            "article-2733",
            "article-2491",
            "article-686"
        ]
    },
    {
        "id": "order-204",
        "positions": [
            "article-2062",
            "article-192",
            "article-694"
        ]
    },
    {
        "id": "order-205",
        "positions": [
            "article-2862",
            "article-656"
        ]
    },
    {
        "id": "order-206",
        "positions": [
            "article-1364",
            "article-81",
            "article-1532",
            "article-159"
        ]
    },
    {
        "id": "order-207",
        "positions": [
            "article-2005",
            "article-879"
        ]
    },
    {
        "id": "order-208",
        "positions": [
            "article-2307",
            "article-2749",
            "article-1676",
            "article-663"
        ]
    },
    {
        "id": "order-209",
        "positions": [
            "article-3309",
            "article-2128"
        ]
    },
    {
        "id": "order-210",
        "positions": [
            "article-669",
            "article-2334"
        ]
    },
    {
        "id": "order-211",
        "positions": [
            "article-2047",
            "article-1173"
        ]
    },
    {
        "id": "order-212",
        "positions": [
            "article-1606",
            "article-1473",
            "article-2131",
            "article-1319"
        ]
    },
    {
        "id": "order-213",
        "positions": [
            "article-950",
            "article-2616",
            "article-868",
            "article-3107"
        ]
    },
    {
        "id": "order-214",
        "positions": [
            "article-1328",
            "article-374"
        ]
    },
    {
        "id": "order-215",
        "positions": [
            "article-739",
            "article-1311"
        ]
    },
    {
        "id": "order-216",
        "positions": [
            "article-678",
            "article-2664",
            "article-382",
            "article-2775"
        ]
    },
    {
        "id": "order-217",
        "positions": [
            "article-757",
            "article-2630"
        ]
    },
    {
        "id": "order-218",
        "positions": [
            "article-2328",
            "article-1562",
            "article-2798"
        ]
    },
    {
        "id": "order-219",
        "positions": [
            "article-1645",
            "article-2437"
        ]
    },
    {
        "id": "order-220",
        "positions": [
            "article-1439",
            "article-2194"
        ]
    },
    {
        "id": "order-221",
        "positions": [
            "article-1519",
            "article-2751"
        ]
    },
    {
        "id": "order-222",
        "positions": [
            "article-2740",
            "article-1743"
        ]
    },
    {
        "id": "order-223",
        "positions": [
            "article-2633",
            "article-335",
            "article-2841"
        ]
    },
    {
        "id": "order-224",
        "positions": [
            "article-2313",
            "article-2094"
        ]
    },
    {
        "id": "order-225",
        "positions": [
            "article-3320",
            "article-1335",
            "article-84",
            "article-547"
        ]
    },
    {
        "id": "order-226",
        "positions": [
            "article-2662",
            "article-984",
            "article-1214"
        ]
    },
    {
        "id": "order-227",
        "positions": [
            "article-2682",
            "article-2453"
        ]
    },
    {
        "id": "order-228",
        "positions": [
            "article-2284",
            "article-1470",
            "article-29",
            "article-1321",
            "article-772",
            "article-607"
        ]
    },
    {
        "id": "order-229",
        "positions": [
            "article-3018",
            "article-1964"
        ]
    },
    {
        "id": "order-230",
        "positions": [
            "article-2393",
            "article-73"
        ]
    },
    {
        "id": "order-231",
        "positions": [
            "article-298",
            "article-2764"
        ]
    },
    {
        "id": "order-232",
        "positions": [
            "article-1701",
            "article-405",
            "article-2289"
        ]
    },
    {
        "id": "order-233",
        "positions": [
            "article-912",
            "article-687",
            "article-2559"
        ]
    },
    {
        "id": "order-234",
        "positions": [
            "article-1221",
            "article-1239",
            "article-2920"
        ]
    },
    {
        "id": "order-235",
        "positions": [
            "article-3326",
            "article-1758",
            "article-2509"
        ]
    },
    {
        "id": "order-236",
        "positions": [
            "article-345",
            "article-616"
        ]
    },
    {
        "id": "order-237",
        "positions": [
            "article-1176",
            "article-983"
        ]
    },
    {
        "id": "order-238",
        "positions": [
            "article-2648",
            "article-194",
            "article-2020"
        ]
    },
    {
        "id": "order-239",
        "positions": [
            "article-1409",
            "article-2958",
            "article-1994",
            "article-3218"
        ]
    },
    {
        "id": "order-240",
        "positions": [
            "article-476",
            "article-2541"
        ]
    },
    {
        "id": "order-241",
        "positions": [
            "article-1183",
            "article-2091"
        ]
    },
    {
        "id": "order-242",
        "positions": [
            "article-407",
            "article-2204",
            "article-526",
            "article-547"
        ]
    },
    {
        "id": "order-243",
        "positions": [
            "article-1862",
            "article-3186"
        ]
    },
    {
        "id": "order-244",
        "positions": [
            "article-2216",
            "article-2484",
            "article-2299"
        ]
    },
    {
        "id": "order-245",
        "positions": [
            "article-327",
            "article-2483",
            "article-929"
        ]
    },
    {
        "id": "order-246",
        "positions": [
            "article-2122",
            "article-2037"
        ]
    },
    {
        "id": "order-247",
        "positions": [
            "article-3115",
            "article-1701"
        ]
    },
    {
        "id": "order-248",
        "positions": [
            "article-220",
            "article-1465"
        ]
    },
    {
        "id": "order-249",
        "positions": [
            "article-2680",
            "article-2121",
            "article-2213"
        ]
    },
    {
        "id": "order-250",
        "positions": [
            "article-1324",
            "article-2232"
        ]
    },
    {
        "id": "order-251",
        "positions": [
            "article-420",
            "article-396"
        ]
    },
    {
        "id": "order-252",
        "positions": [
            "article-149",
            "article-485"
        ]
    },
    {
        "id": "order-253",
        "positions": [
            "article-2059",
            "article-3003",
            "article-2713"
        ]
    },
    {
        "id": "order-254",
        "positions": [
            "article-2395",
            "article-1329",
            "article-206",
            "article-2666"
        ]
    },
    {
        "id": "order-255",
        "positions": [
            "article-1977",
            "article-3200",
            "article-2112"
        ]
    },
    {
        "id": "order-256",
        "positions": [
            "article-1981",
            "article-1988"
        ]
    },
    {
        "id": "order-257",
        "positions": [
            "article-1758",
            "article-2926"
        ]
    },
    {
        "id": "order-258",
        "positions": [
            "article-956",
            "article-1977",
            "article-2508"
        ]
    },
    {
        "id": "order-259",
        "positions": [
            "article-713",
            "article-2583",
            "article-1074"
        ]
    },
    {
        "id": "order-260",
        "positions": [
            "article-1644",
            "article-2772",
            "article-2946",
            "article-1687"
        ]
    },
    {
        "id": "order-261",
        "positions": [
            "article-1982",
            "article-195",
            "article-2629"
        ]
    },
    {
        "id": "order-262",
        "positions": [
            "article-3042",
            "article-636",
            "article-775",
            "article-3216"
        ]
    },
    {
        "id": "order-263",
        "positions": [
            "article-150",
            "article-794"
        ]
    },
    {
        "id": "order-264",
        "positions": [
            "article-2512",
            "article-331"
        ]
    },
    {
        "id": "order-265",
        "positions": [
            "article-2703",
            "article-1071"
        ]
    },
    {
        "id": "order-266",
        "positions": [
            "article-689",
            "article-2506",
            "article-1008",
            "article-3176"
        ]
    },
    {
        "id": "order-267",
        "positions": [
            "article-1408",
            "article-3065",
            "article-2042",
            "article-2329",
            "article-1761",
            "article-1611"
        ]
    },
    {
        "id": "order-268",
        "positions": [
            "article-838",
            "article-1635"
        ]
    },
    {
        "id": "order-269",
        "positions": [
            "article-2628",
            "article-1166"
        ]
    },
    {
        "id": "order-270",
        "positions": [
            "article-237",
            "article-1635"
        ]
    },
    {
        "id": "order-271",
        "positions": [
            "article-1927",
            "article-967"
        ]
    },
    {
        "id": "order-272",
        "positions": [
            "article-1513",
            "article-3135",
            "article-1765",
            "article-1835"
        ]
    },
    {
        "id": "order-273",
        "positions": [
            "article-2062",
            "article-2877",
            "article-2850"
        ]
    },
    {
        "id": "order-274",
        "positions": [
            "article-811",
            "article-1398"
        ]
    },
    {
        "id": "order-275",
        "positions": [
            "article-3244",
            "article-1165"
        ]
    },
    {
        "id": "order-276",
        "positions": [
            "article-2728",
            "article-1433",
            "article-2618",
            "article-401"
        ]
    },
    {
        "id": "order-277",
        "positions": [
            "article-1610",
            "article-2680",
            "article-2184",
            "article-3215"
        ]
    },
    {
        "id": "order-278",
        "positions": [
            "article-2913",
            "article-2692"
        ]
    },
    {
        "id": "order-279",
        "positions": [
            "article-1439",
            "article-1706",
            "article-870"
        ]
    },
    {
        "id": "order-280",
        "positions": [
            "article-2466",
            "article-1115"
        ]
    },
    {
        "id": "order-281",
        "positions": [
            "article-1202",
            "article-275"
        ]
    },
    {
        "id": "order-282",
        "positions": [
            "article-1700",
            "article-704",
            "article-1879"
        ]
    },
    {
        "id": "order-283",
        "positions": [
            "article-723",
            "article-3057",
            "article-1836",
            "article-1832"
        ]
    },
    {
        "id": "order-284",
        "positions": [
            "article-3094",
            "article-3266"
        ]
    },
    {
        "id": "order-285",
        "positions": [
            "article-2921",
            "article-1577"
        ]
    },
    {
        "id": "order-286",
        "positions": [
            "article-2357",
            "article-1870",
            "article-391"
        ]
    },
    {
        "id": "order-287",
        "positions": [
            "article-1669",
            "article-2154",
            "article-1497",
            "article-2740",
            "article-496"
        ]
    },
    {
        "id": "order-288",
        "positions": [
            "article-2129",
            "article-1004"
        ]
    },
    {
        "id": "order-289",
        "positions": [
            "article-2168",
            "article-1197"
        ]
    },
    {
        "id": "order-290",
        "positions": [
            "article-376",
            "article-3260"
        ]
    },
    {
        "id": "order-291",
        "positions": [
            "article-1255",
            "article-186",
            "article-171"
        ]
    },
    {
        "id": "order-292",
        "positions": [
            "article-1442",
            "article-2825",
            "article-3262",
            "article-1373"
        ]
    },
    {
        "id": "order-293",
        "positions": [
            "article-1612",
            "article-3018"
        ]
    },
    {
        "id": "order-294",
        "positions": [
            "article-719",
            "article-2971",
            "article-2400",
            "article-1244",
            "article-1986"
        ]
    },
    {
        "id": "order-295",
        "positions": [
            "article-1034",
            "article-2135"
        ]
    },
    {
        "id": "order-296",
        "positions": [
            "article-692",
            "article-2182"
        ]
    },
    {
        "id": "order-297",
        "positions": [
            "article-1762",
            "article-2517"
        ]
    },
    {
        "id": "order-298",
        "positions": [
            "article-70",
            "article-1426"
        ]
    },
    {
        "id": "order-299",
        "positions": [
            "article-1679",
            "article-152"
        ]
    },
    {
        "id": "order-300",
        "positions": [
            "article-2403",
            "article-1825",
            "article-1840"
        ]
    },
    {
        "id": "order-301",
        "positions": [
            "article-2466",
            "article-1392",
            "article-53"
        ]
    },
    {
        "id": "order-302",
        "positions": [
            "article-3055",
            "article-2072"
        ]
    },
    {
        "id": "order-303",
        "positions": [
            "article-2599",
            "article-1462",
            "article-799"
        ]
    },
    {
        "id": "order-304",
        "positions": [
            "article-868",
            "article-2983",
            "article-1611"
        ]
    },
    {
        "id": "order-305",
        "positions": [
            "article-526",
            "article-2207"
        ]
    },
    {
        "id": "order-306",
        "positions": [
            "article-2799",
            "article-3114",
            "article-1548"
        ]
    },
    {
        "id": "order-307",
        "positions": [
            "article-468",
            "article-874"
        ]
    },
    {
        "id": "order-308",
        "positions": [
            "article-3136",
            "article-262"
        ]
    },
    {
        "id": "order-309",
        "positions": [
            "article-1371",
            "article-984"
        ]
    },
    {
        "id": "order-310",
        "positions": [
            "article-1513",
            "article-3202",
            "article-1299"
        ]
    },
    {
        "id": "order-311",
        "positions": [
            "article-1788",
            "article-2996",
            "article-2165",
            "article-2018"
        ]
    },
    {
        "id": "order-312",
        "positions": [
            "article-2214",
            "article-1821"
        ]
    },
    {
        "id": "order-313",
        "positions": [
            "article-1007",
            "article-1656",
            "article-140"
        ]
    },
    {
        "id": "order-314",
        "positions": [
            "article-3282",
            "article-2020",
            "article-306"
        ]
    },
    {
        "id": "order-315",
        "positions": [
            "article-63",
            "article-825",
            "article-1925",
            "article-1867"
        ]
    },
    {
        "id": "order-316",
        "positions": [
            "article-35",
            "article-1270"
        ]
    },
    {
        "id": "order-317",
        "positions": [
            "article-294",
            "article-2941"
        ]
    },
    {
        "id": "order-318",
        "positions": [
            "article-2640",
            "article-1059"
        ]
    },
    {
        "id": "order-319",
        "positions": [
            "article-345",
            "article-704"
        ]
    },
    {
        "id": "order-320",
        "positions": [
            "article-920",
            "article-86",
            "article-1911"
        ]
    },
    {
        "id": "order-321",
        "positions": [
            "article-1448",
            "article-1344",
            "article-2406"
        ]
    },
    {
        "id": "order-322",
        "positions": [
            "article-937",
            "article-296"
        ]
    },
    {
        "id": "order-323",
        "positions": [
            "article-2612",
            "article-840"
        ]
    },
    {
        "id": "order-324",
        "positions": [
            "article-1550",
            "article-528",
            "article-518"
        ]
    },
    {
        "id": "order-325",
        "positions": [
            "article-553",
            "article-2169"
        ]
    },
    {
        "id": "order-326",
        "positions": [
            "article-2852",
            "article-2707",
            "article-1500"
        ]
    },
    {
        "id": "order-327",
        "positions": [
            "article-3165",
            "article-43"
        ]
    },
    {
        "id": "order-328",
        "positions": [
            "article-1940",
            "article-1310"
        ]
    },
    {
        "id": "order-329",
        "positions": [
            "article-1790",
            "article-680"
        ]
    },
    {
        "id": "order-330",
        "positions": [
            "article-428",
            "article-2067"
        ]
    },
    {
        "id": "order-331",
        "positions": [
            "article-1786",
            "article-2934"
        ]
    },
    {
        "id": "order-332",
        "positions": [
            "article-325",
            "article-2321"
        ]
    },
    {
        "id": "order-333",
        "positions": [
            "article-216",
            "article-177"
        ]
    },
    {
        "id": "order-334",
        "positions": [
            "article-2024",
            "article-1044",
            "article-3171"
        ]
    },
    {
        "id": "order-335",
        "positions": [
            "article-2588",
            "article-1615",
            "article-413",
            "article-1848"
        ]
    },
    {
        "id": "order-336",
        "positions": [
            "article-2285",
            "article-2667"
        ]
    },
    {
        "id": "order-337",
        "positions": [
            "article-3027",
            "article-1207",
            "article-1912",
            "article-223"
        ]
    },
    {
        "id": "order-338",
        "positions": [
            "article-2328",
            "article-932",
            "article-2951"
        ]
    },
    {
        "id": "order-339",
        "positions": [
            "article-3319",
            "article-1179",
            "article-1473",
            "article-3088",
            "article-1818"
        ]
    },
    {
        "id": "order-340",
        "positions": [
            "article-2097",
            "article-1277",
            "article-3290"
        ]
    },
    {
        "id": "order-341",
        "positions": [
            "article-1171",
            "article-37"
        ]
    },
    {
        "id": "order-342",
        "positions": [
            "article-212",
            "article-380"
        ]
    },
    {
        "id": "order-343",
        "positions": [
            "article-2992",
            "article-1877",
            "article-2437",
            "article-224"
        ]
    },
    {
        "id": "order-344",
        "positions": [
            "article-458",
            "article-786"
        ]
    },
    {
        "id": "order-345",
        "positions": [
            "article-2698",
            "article-79",
            "article-1315"
        ]
    },
    {
        "id": "order-346",
        "positions": [
            "article-2341",
            "article-2575"
        ]
    },
    {
        "id": "order-347",
        "positions": [
            "article-3100",
            "article-378",
            "article-294",
            "article-397",
            "article-2634"
        ]
    },
    {
        "id": "order-348",
        "positions": [
            "article-3208",
            "article-895"
        ]
    },
    {
        "id": "order-349",
        "positions": [
            "article-2348",
            "article-3258"
        ]
    },
    {
        "id": "order-350",
        "positions": [
            "article-2810",
            "article-931",
            "article-2465",
            "article-1416"
        ]
    },
    {
        "id": "order-351",
        "positions": [
            "article-1149",
            "article-670"
        ]
    },
    {
        "id": "order-352",
        "positions": [
            "article-2371",
            "article-3278",
            "article-1672"
        ]
    },
    {
        "id": "order-353",
        "positions": [
            "article-1428",
            "article-1876",
            "article-3321"
        ]
    },
    {
        "id": "order-354",
        "positions": [
            "article-2935",
            "article-748"
        ]
    },
    {
        "id": "order-355",
        "positions": [
            "article-2894",
            "article-1657"
        ]
    },
    {
        "id": "order-356",
        "positions": [
            "article-2721",
            "article-2375",
            "article-2473"
        ]
    },
    {
        "id": "order-357",
        "positions": [
            "article-1878",
            "article-1892"
        ]
    },
    {
        "id": "order-358",
        "positions": [
            "article-2657",
            "article-911",
            "article-2857"
        ]
    },
    {
        "id": "order-359",
        "positions": [
            "article-2562",
            "article-3295"
        ]
    },
    {
        "id": "order-360",
        "positions": [
            "article-2271",
            "article-3287"
        ]
    },
    {
        "id": "order-361",
        "positions": [
            "article-1370",
            "article-681",
            "article-500",
            "article-2771"
        ]
    },
    {
        "id": "order-362",
        "positions": [
            "article-1505",
            "article-1253"
        ]
    },
    {
        "id": "order-363",
        "positions": [
            "article-1363",
            "article-3091"
        ]
    },
    {
        "id": "order-364",
        "positions": [
            "article-1314",
            "article-2061",
            "article-896"
        ]
    },
    {
        "id": "order-365",
        "positions": [
            "article-2835",
            "article-2104"
        ]
    },
    {
        "id": "order-366",
        "positions": [
            "article-2434",
            "article-208",
            "article-2434"
        ]
    },
    {
        "id": "order-367",
        "positions": [
            "article-872",
            "article-919"
        ]
    },
    {
        "id": "order-368",
        "positions": [
            "article-7",
            "article-1870",
            "article-2222"
        ]
    },
    {
        "id": "order-369",
        "positions": [
            "article-2690",
            "article-290"
        ]
    },
    {
        "id": "order-370",
        "positions": [
            "article-1788",
            "article-59",
            "article-2168",
            "article-251",
            "article-207"
        ]
    },
    {
        "id": "order-371",
        "positions": [
            "article-1459",
            "article-1118"
        ]
    },
    {
        "id": "order-372",
        "positions": [
            "article-1926",
            "article-2457",
            "article-657"
        ]
    },
    {
        "id": "order-373",
        "positions": [
            "article-899",
            "article-457",
            "article-2925"
        ]
    },
    {
        "id": "order-374",
        "positions": [
            "article-1457",
            "article-1658"
        ]
    },
    {
        "id": "order-375",
        "positions": [
            "article-3309",
            "article-93"
        ]
    },
    {
        "id": "order-376",
        "positions": [
            "article-1264",
            "article-1816"
        ]
    },
    {
        "id": "order-377",
        "positions": [
            "article-89",
            "article-795"
        ]
    },
    {
        "id": "order-378",
        "positions": [
            "article-299",
            "article-666"
        ]
    },
    {
        "id": "order-379",
        "positions": [
            "article-13",
            "article-2254",
            "article-2244",
            "article-1274",
            "article-3085"
        ]
    },
    {
        "id": "order-380",
        "positions": [
            "article-946",
            "article-1996",
            "article-1049"
        ]
    },
    {
        "id": "order-381",
        "positions": [
            "article-3208",
            "article-2854"
        ]
    },
    {
        "id": "order-382",
        "positions": [
            "article-2012",
            "article-1430"
        ]
    },
    {
        "id": "order-383",
        "positions": [
            "article-985",
            "article-1139"
        ]
    },
    {
        "id": "order-384",
        "positions": [
            "article-1774",
            "article-462"
        ]
    },
    {
        "id": "order-385",
        "positions": [
            "article-3288",
            "article-2626"
        ]
    },
    {
        "id": "order-386",
        "positions": [
            "article-2097",
            "article-2443",
            "article-919"
        ]
    },
    {
        "id": "order-387",
        "positions": [
            "article-1061",
            "article-923"
        ]
    },
    {
        "id": "order-388",
        "positions": [
            "article-1598",
            "article-3056"
        ]
    },
    {
        "id": "order-389",
        "positions": [
            "article-1399",
            "article-1856",
            "article-3188"
        ]
    },
    {
        "id": "order-390",
        "positions": [
            "article-2191",
            "article-253"
        ]
    },
    {
        "id": "order-391",
        "positions": [
            "article-1137",
            "article-2580",
            "article-3292"
        ]
    },
    {
        "id": "order-392",
        "positions": [
            "article-315",
            "article-496",
            "article-1658",
            "article-2202",
            "article-1230"
        ]
    },
    {
        "id": "order-393",
        "positions": [
            "article-1217",
            "article-2462",
            "article-2835"
        ]
    },
    {
        "id": "order-394",
        "positions": [
            "article-1118",
            "article-35"
        ]
    },
    {
        "id": "order-395",
        "positions": [
            "article-2409",
            "article-1365",
            "article-2767",
            "article-3025"
        ]
    },
    {
        "id": "order-396",
        "positions": [
            "article-1290",
            "article-2642"
        ]
    },
    {
        "id": "order-397",
        "positions": [
            "article-2700",
            "article-582"
        ]
    },
    {
        "id": "order-398",
        "positions": [
            "article-1738",
            "article-143",
            "article-528",
            "article-1382"
        ]
    },
    {
        "id": "order-399",
        "positions": [
            "article-2824",
            "article-2914"
        ]
    },
    {
        "id": "order-400",
        "positions": [
            "article-1089",
            "article-2415"
        ]
    },
    {
        "id": "order-401",
        "positions": [
            "article-667",
            "article-1646"
        ]
    },
    {
        "id": "order-402",
        "positions": [
            "article-2527",
            "article-1028",
            "article-775"
        ]
    },
    {
        "id": "order-403",
        "positions": [
            "article-193",
            "article-921",
            "article-1271",
            "article-2153"
        ]
    },
    {
        "id": "order-404",
        "positions": [
            "article-1568",
            "article-2793"
        ]
    },
    {
        "id": "order-405",
        "positions": [
            "article-170",
            "article-686",
            "article-1931"
        ]
    },
    {
        "id": "order-406",
        "positions": [
            "article-253",
            "article-1209"
        ]
    },
    {
        "id": "order-407",
        "positions": [
            "article-3196",
            "article-3037",
            "article-3175",
            "article-2760",
            "article-1296"
        ]
    },
    {
        "id": "order-408",
        "positions": [
            "article-2761",
            "article-1343"
        ]
    },
    {
        "id": "order-409",
        "positions": [
            "article-2739",
            "article-2929",
            "article-1264"
        ]
    },
    {
        "id": "order-410",
        "positions": [
            "article-2021",
            "article-2852"
        ]
    },
    {
        "id": "order-411",
        "positions": [
            "article-2261",
            "article-182"
        ]
    },
    {
        "id": "order-412",
        "positions": [
            "article-1854",
            "article-532"
        ]
    },
    {
        "id": "order-413",
        "positions": [
            "article-2751",
            "article-973",
            "article-2658",
            "article-1588"
        ]
    },
    {
        "id": "order-414",
        "positions": [
            "article-644",
            "article-548",
            "article-2580",
            "article-1941"
        ]
    },
    {
        "id": "order-415",
        "positions": [
            "article-2515",
            "article-1868",
            "article-2138"
        ]
    },
    {
        "id": "order-416",
        "positions": [
            "article-3300",
            "article-828",
            "article-2411",
            "article-3020"
        ]
    },
    {
        "id": "order-417",
        "positions": [
            "article-2008",
            "article-1526"
        ]
    },
    {
        "id": "order-418",
        "positions": [
            "article-256",
            "article-76",
            "article-2613"
        ]
    },
    {
        "id": "order-419",
        "positions": [
            "article-3218",
            "article-2403"
        ]
    },
    {
        "id": "order-420",
        "positions": [
            "article-3230",
            "article-968"
        ]
    },
    {
        "id": "order-421",
        "positions": [
            "article-1545",
            "article-131"
        ]
    },
    {
        "id": "order-422",
        "positions": [
            "article-1258",
            "article-593",
            "article-3319",
            "article-2174"
        ]
    },
    {
        "id": "order-423",
        "positions": [
            "article-2235",
            "article-1167"
        ]
    },
    {
        "id": "order-424",
        "positions": [
            "article-2735",
            "article-2263",
            "article-1939",
            "article-840",
            "article-120"
        ]
    },
    {
        "id": "order-425",
        "positions": [
            "article-1787",
            "article-1787"
        ]
    },
    {
        "id": "order-426",
        "positions": [
            "article-1492",
            "article-156",
            "article-3162"
        ]
    },
    {
        "id": "order-427",
        "positions": [
            "article-2927",
            "article-1956"
        ]
    },
    {
        "id": "order-428",
        "positions": [
            "article-2715",
            "article-15",
            "article-888"
        ]
    },
    {
        "id": "order-429",
        "positions": [
            "article-1380",
            "article-1549"
        ]
    },
    {
        "id": "order-430",
        "positions": [
            "article-1163",
            "article-41"
        ]
    },
    {
        "id": "order-431",
        "positions": [
            "article-2372",
            "article-2248"
        ]
    },
    {
        "id": "order-432",
        "positions": [
            "article-1026",
            "article-1963"
        ]
    },
    {
        "id": "order-433",
        "positions": [
            "article-777",
            "article-144",
            "article-2161"
        ]
    },
    {
        "id": "order-434",
        "positions": [
            "article-1430",
            "article-1355"
        ]
    },
    {
        "id": "order-435",
        "positions": [
            "article-2264",
            "article-3278",
            "article-2761"
        ]
    },
    {
        "id": "order-436",
        "positions": [
            "article-3040",
            "article-3104"
        ]
    },
    {
        "id": "order-437",
        "positions": [
            "article-942",
            "article-2737"
        ]
    },
    {
        "id": "order-438",
        "positions": [
            "article-3323",
            "article-796"
        ]
    },
    {
        "id": "order-439",
        "positions": [
            "article-2699",
            "article-3147",
            "article-3199"
        ]
    },
    {
        "id": "order-440",
        "positions": [
            "article-470",
            "article-14"
        ]
    },
    {
        "id": "order-441",
        "positions": [
            "article-3188",
            "article-62"
        ]
    },
    {
        "id": "order-442",
        "positions": [
            "article-2264",
            "article-2139",
            "article-1023"
        ]
    },
    {
        "id": "order-443",
        "positions": [
            "article-826",
            "article-2595",
            "article-2282"
        ]
    },
    {
        "id": "order-444",
        "positions": [
            "article-27",
            "article-2777"
        ]
    },
    {
        "id": "order-445",
        "positions": [
            "article-597",
            "article-2569"
        ]
    },
    {
        "id": "order-446",
        "positions": [
            "article-1708",
            "article-327",
            "article-2400",
            "article-2752"
        ]
    },
    {
        "id": "order-447",
        "positions": [
            "article-3150",
            "article-2455",
            "article-2825"
        ]
    },
    {
        "id": "order-448",
        "positions": [
            "article-1156",
            "article-430"
        ]
    },
    {
        "id": "order-449",
        "positions": [
            "article-3192",
            "article-619"
        ]
    },
    {
        "id": "order-450",
        "positions": [
            "article-3054",
            "article-519",
            "article-1954",
            "article-1971"
        ]
    },
    {
        "id": "order-451",
        "positions": [
            "article-3132",
            "article-3065",
            "article-1382",
            "article-3071"
        ]
    },
    {
        "id": "order-452",
        "positions": [
            "article-223",
            "article-2212",
            "article-1173"
        ]
    },
    {
        "id": "order-453",
        "positions": [
            "article-1705",
            "article-1239",
            "article-1056"
        ]
    },
    {
        "id": "order-454",
        "positions": [
            "article-157",
            "article-836",
            "article-1402",
            "article-955"
        ]
    },
    {
        "id": "order-455",
        "positions": [
            "article-2529",
            "article-1918",
            "article-1663"
        ]
    },
    {
        "id": "order-456",
        "positions": [
            "article-29",
            "article-3217"
        ]
    },
    {
        "id": "order-457",
        "positions": [
            "article-2076",
            "article-297",
            "article-1085"
        ]
    },
    {
        "id": "order-458",
        "positions": [
            "article-1908",
            "article-881"
        ]
    },
    {
        "id": "order-459",
        "positions": [
            "article-1188",
            "article-1864"
        ]
    },
    {
        "id": "order-460",
        "positions": [
            "article-1794",
            "article-2797"
        ]
    },
    {
        "id": "order-461",
        "positions": [
            "article-566",
            "article-1965",
            "article-298"
        ]
    },
    {
        "id": "order-462",
        "positions": [
            "article-2549",
            "article-1684"
        ]
    },
    {
        "id": "order-463",
        "positions": [
            "article-338",
            "article-2283"
        ]
    },
    {
        "id": "order-464",
        "positions": [
            "article-1232",
            "article-1473",
            "article-2387",
            "article-1492"
        ]
    },
    {
        "id": "order-465",
        "positions": [
            "article-1692",
            "article-1747"
        ]
    },
    {
        "id": "order-466",
        "positions": [
            "article-3243",
            "article-799"
        ]
    },
    {
        "id": "order-467",
        "positions": [
            "article-1418",
            "article-2553",
            "article-2469"
        ]
    },
    {
        "id": "order-468",
        "positions": [
            "article-565",
            "article-2928"
        ]
    },
    {
        "id": "order-469",
        "positions": [
            "article-2884",
            "article-1778"
        ]
    },
    {
        "id": "order-470",
        "positions": [
            "article-2881",
            "article-580"
        ]
    },
    {
        "id": "order-471",
        "positions": [
            "article-1145",
            "article-1404"
        ]
    },
    {
        "id": "order-472",
        "positions": [
            "article-943",
            "article-2944",
            "article-2100"
        ]
    },
    {
        "id": "order-473",
        "positions": [
            "article-919",
            "article-2146"
        ]
    },
    {
        "id": "order-474",
        "positions": [
            "article-1700",
            "article-707",
            "article-1648"
        ]
    },
    {
        "id": "order-475",
        "positions": [
            "article-3097",
            "article-2040",
            "article-1374"
        ]
    },
    {
        "id": "order-476",
        "positions": [
            "article-832",
            "article-209",
            "article-101"
        ]
    },
    {
        "id": "order-477",
        "positions": [
            "article-108",
            "article-1840",
            "article-1608"
        ]
    },
    {
        "id": "order-478",
        "positions": [
            "article-429",
            "article-2106",
            "article-2571",
            "article-297"
        ]
    },
    {
        "id": "order-479",
        "positions": [
            "article-289",
            "article-2420"
        ]
    },
    {
        "id": "order-480",
        "positions": [
            "article-1791",
            "article-1663"
        ]
    },
    {
        "id": "order-481",
        "positions": [
            "article-1850",
            "article-477"
        ]
    },
    {
        "id": "order-482",
        "positions": [
            "article-2304",
            "article-2707",
            "article-898",
            "article-1434"
        ]
    },
    {
        "id": "order-483",
        "positions": [
            "article-2871",
            "article-2245"
        ]
    },
    {
        "id": "order-484",
        "positions": [
            "article-2233",
            "article-2263",
            "article-2227"
        ]
    },
    {
        "id": "order-485",
        "positions": [
            "article-1683",
            "article-3004",
            "article-2681"
        ]
    },
    {
        "id": "order-486",
        "positions": [
            "article-3231",
            "article-2989"
        ]
    },
    {
        "id": "order-487",
        "positions": [
            "article-1007",
            "article-1781"
        ]
    },
    {
        "id": "order-488",
        "positions": [
            "article-3259",
            "article-697"
        ]
    },
    {
        "id": "order-489",
        "positions": [
            "article-587",
            "article-1850"
        ]
    },
    {
        "id": "order-490",
        "positions": [
            "article-323",
            "article-2032",
            "article-1198"
        ]
    },
    {
        "id": "order-491",
        "positions": [
            "article-2892",
            "article-1196"
        ]
    },
    {
        "id": "order-492",
        "positions": [
            "article-3295",
            "article-1101"
        ]
    },
    {
        "id": "order-493",
        "positions": [
            "article-3045",
            "article-77",
            "article-1367",
            "article-815"
        ]
    },
    {
        "id": "order-494",
        "positions": [
            "article-1793",
            "article-2859"
        ]
    },
    {
        "id": "order-495",
        "positions": [
            "article-1224",
            "article-361",
            "article-425",
            "article-2733"
        ]
    },
    {
        "id": "order-496",
        "positions": [
            "article-1815",
            "article-2845"
        ]
    },
    {
        "id": "order-497",
        "positions": [
            "article-673",
            "article-2742"
        ]
    },
    {
        "id": "order-498",
        "positions": [
            "article-3198",
            "article-1592"
        ]
    },
    {
        "id": "order-499",
        "positions": [
            "article-2584",
            "article-424"
        ]
    }
]