[
    {
        "id": "article-0",
        "volume": 19
    },
    {
        "id": "article-1",
        "volume": 44
    },
    {
        "id": "article-2",
        "volume": 33
    },
    {
        "id": "article-3",
        "volume": 17
    },
    {
        "id": "article-4",
        "volume": 42
    },
    {
        "id": "article-5",
        "volume": 29
    },
    {
        "id": "article-6",
        "volume": 9
    },
    {
        "id": "article-7",
        "volume": 36
    },
    {
        "id": "article-8",
        "volume": 16
    },
    {
        "id": "article-9",
        "volume": 7
    },
    {
        "id": "article-10",
        "volume": 31
    },
    {
        "id": "article-11",
        "volume": 88
    },
    {
        "id": "article-12",
        "volume": 57
    },
    {
        "id": "article-13",
        "volume": 34
    },
    {
        "id": "article-14",
        "volume": 26
    },
    {
        "id": "article-15",
        "volume": 49
    },
    {
        "id": "article-16",
        "volume": 23
    },
    {
        "id": "article-17",
        "volume": 85
    },
    {
        "id": "article-18",
        "volume": 33
    },
    {
        "id": "article-19",
        "volume": 86
    },
    {
        "id": "article-20",
        "volume": 12
    },
    {
        "id": "article-21",
        "volume": 3
    },
    {
        "id": "article-22",
        "volume": 27
    },
    {
        "id": "article-23",
        "volume": 45
    },
    {
        "id": "article-24",
        "volume": 49
    },
    {
        "id": "article-25",
        "volume": 55
    },
    {
        "id": "article-26",
        "volume": 35
    },
    {
        "id": "article-27",
        "volume": 15
    },
    {
        "id": "article-28",
        "volume": 19
    },
    {
        "id": "article-29",
        "volume": 15
    },
    {
        "id": "article-30",
        "volume": 26
    },
    {
        "id": "article-31",
        "volume": 97
    },
    {
        "id": "article-32",
        "volume": 110
    }
]