[
    {
        "id": "order-0",
        "positions": [
            "article-16",
            "article-32"
        ]
    },
    {
        "id": "order-1",
        "positions": [
            "article-21",
            "article-20",
            "article-4"
        ]
    },
    {
        "id": "order-2",
        "positions": [
            "article-23",
            "article-13"
        ]
    },
    {
        "id": "order-3",
        "positions": [
            "article-12",
            "article-19"
        ]
    },
    {
        "id": "order-4",
        "positions": [
            "article-26",
            "article-24"
        ]
    },
    {
        "id": "order-5",
        "positions": [
            "article-6",
            "article-32"
        ]
    },
    {
        "id": "order-6",
        "positions": [
            "article-29",
            "article-17"
        ]
    },
    {
        "id": "order-7",
        "positions": [
            "article-20",
            "article-10"
        ]
    },
    {
        "id": "order-8",
        "positions": [
            "article-2",
            "article-32"
        ]
    },
    {
        "id": "order-9",
        "positions": [
            "article-30",
            "article-24"
        ]
    }
]