[
    {
        "id": "article-0",
        "volume": 5
    },
    {
        "id": "article-1",
        "volume": 21
    },
    {
        "id": "article-2",
        "volume": 16
    },
    {
        "id": "article-3",
        "volume": 18
    },
    {
        "id": "article-4",
        "volume": 77
    },
    {
        "id": "article-5",
        "volume": 35
    },
    {
        "id": "article-6",
        "volume": 28
    },
    {
        "id": "article-7",
        "volume": 13
    },
    {
        "id": "article-8",
        "volume": 93
    },
    {
        "id": "article-9",
        "volume": 5
    },
    {
        "id": "article-10",
        "volume": 3
    },
    {
        "id": "article-11",
        "volume": 61
    },
    {
        "id": "article-12",
        "volume": 57
    },
    {
        "id": "article-13",
        "volume": 30
    },
    {
        "id": "article-14",
        "volume": 35
    },
    {
        "id": "article-15",
        "volume": 77
    },
    {
        "id": "article-16",
        "volume": 13
    },
    {
        "id": "article-17",
        "volume": 28
    },
    {
        "id": "article-18",
        "volume": 27
    },
    {
        "id": "article-19",
        "volume": 47
    },
    {
        "id": "article-20",
        "volume": 46
    },
    {
        "id": "article-21",
        "volume": 55
    },
    {
        "id": "article-22",
        "volume": 73
    },
    {
        "id": "article-23",
        "volume": 18
    },
    {
        "id": "article-24",
        "volume": 51
    },
    {
        "id": "article-25",
        "volume": 36
    },
    {
        "id": "article-26",
        "volume": 18
    },
    {
        "id": "article-27",
        "volume": 62
    },
    {
        "id": "article-28",
        "volume": 53
    },
    {
        "id": "article-29",
        "volume": 65
    },
    {
        "id": "article-30",
        "volume": 9
    },
    {
        "id": "article-31",
        "volume": 21
    },
    {
        "id": "article-32",
        "volume": 69
    }
]