[
    {
        "id": "order-0",
        "positions": [
            "article-15",
            "article-8",
            "article-18",
            "article-5",
            "article-24",
            "article-4"
        ]
    },
    {
        "id": "order-1",
        "positions": [
            "article-7",
            "article-9"
        ]
    },
    {
        "id": "order-2",
        "positions": [
            "article-32",
            "article-2",
            "article-25"
        ]
    },
    {
        "id": "order-3",
        "positions": [
            "article-1",
            "article-17"
        ]
    },
    {
        "id": "order-4",
        "positions": [
            "article-9",
            "article-6",
            "article-9"
        ]
    },
    {
        "id": "order-5",
        "positions": [
            "article-6",
            "article-2"
        ]
    },
    {
        "id": "order-6",
        "positions": [
            "article-6",
            "article-24",
            "article-21"
        ]
    },
    {
        "id": "order-7",
        "positions": [
            "article-4",
            "article-8",
            "article-5"
        ]
    },
    {
        "id": "order-8",
        "positions": [
            "article-0",
            "article-22",
            "article-0"
        ]
    },
    {
        "id": "order-9",
        "positions": [
            "article-5",
            "article-7"
        ]
    }
]