[
    {
        "id": "order-0",
        "positions": [
            "article-2342",
            "article-460"
        ]
    },
    {
        "id": "order-1",
        "positions": [
            "article-2515",
            "article-2478"
        ]
    },
    {
        "id": "order-2",
        "positions": [
            "article-3074",
            "article-1596",
            "article-316"
        ]
    },
    {
        "id": "order-3",
        "positions": [
            "article-1108",
            "article-1539",
            "article-2546"
        ]
    },
    {
        "id": "order-4",
        "positions": [
            "article-444",
            "article-2355"
        ]
    },
    {
        "id": "order-5",
        "positions": [
            "article-2605",
            "article-566",
            "article-1722",
            "article-1150"
        ]
    },
    {
        "id": "order-6",
        "positions": [
            "article-1434",
            "article-2167",
            "article-1144"
        ]
    },
    {
        "id": "order-7",
        "positions": [
            "article-476",
            "article-1655",
            "article-2240"
        ]
    },
    {
        "id": "order-8",
        "positions": [
            "article-675",
            "article-3175",
            "article-1511",
            "article-2823"
        ]
    },
    {
        "id": "order-9",
        "positions": [
            "article-171",
            "article-2147"
        ]
    },
    {
        "id": "order-10",
        "positions": [
            "article-1308",
            "article-612",
            "article-2163"
        ]
    },
    {
        "id": "order-11",
        "positions": [
            "article-1959",
            "article-777"
        ]
    },
    {
        "id": "order-12",
        "positions": [
            "article-477",
            "article-2656",
            "article-193"
        ]
    },
    {
        "id": "order-13",
        "positions": [
            "article-170",
            "article-1471"
        ]
    },
    {
        "id": "order-14",
        "positions": [
            "article-451",
            "article-519"
        ]
    },
    {
        "id": "order-15",
        "positions": [
            "article-754",
            "article-2873"
        ]
    },
    {
        "id": "order-16",
        "positions": [
            "article-973",
            "article-712"
        ]
    },
    {
        "id": "order-17",
        "positions": [
            "article-2527",
            "article-2053",
            "article-518",
            "article-707"
        ]
    },
    {
        "id": "order-18",
        "positions": [
            "article-622",
            "article-96",
            "article-1241",
            "article-1013",
            "article-595",
            "article-50"
        ]
    },
    {
        "id": "order-19",
        "positions": [
            "article-839",
            "article-735",
            "article-2098"
        ]
    },
    {
        "id": "order-20",
        "positions": [
            "article-1845",
            "article-3129",
            "article-3227"
        ]
    },
    {
        "id": "order-21",
        "positions": [
            "article-445",
            "article-481",
            "article-1419"
        ]
    },
    {
        "id": "order-22",
        "positions": [
            "article-985",
            "article-75"
        ]
    },
    {
        "id": "order-23",
        "positions": [
            "article-1503",
            "article-1480",
            "article-29"
        ]
    },
    {
        "id": "order-24",
        "positions": [
            "article-2379",
            "article-1816"
        ]
    },
    {
        "id": "order-25",
        "positions": [
            "article-2764",
            "article-2824",
            "article-805",
            "article-1367"
        ]
    },
    {
        "id": "order-26",
        "positions": [
            "article-2158",
            "article-1718"
        ]
    },
    {
        "id": "order-27",
        "positions": [
            "article-1812",
            "article-1014"
        ]
    },
    {
        "id": "order-28",
        "positions": [
            "article-2840",
            "article-1776",
            "article-2910",
            "article-2443"
        ]
    },
    {
        "id": "order-29",
        "positions": [
            "article-1542",
            "article-2609",
            "article-1875"
        ]
    },
    {
        "id": "order-30",
        "positions": [
            "article-1261",
            "article-3308"
        ]
    },
    {
        "id": "order-31",
        "positions": [
            "article-114",
            "article-0"
        ]
    },
    {
        "id": "order-32",
        "positions": [
            "article-1935",
            "article-3230"
        ]
    },
    {
        "id": "order-33",
        "positions": [
            "article-366",
            "article-3222"
        ]
    },
    {
        "id": "order-34",
        "positions": [
            "article-2730",
            "article-590",
            "article-1565"
        ]
    },
    {
        "id": "order-35",
        "positions": [
            "article-1284",
            "article-666",
            "article-1873"
        ]
    },
    {
        "id": "order-36",
        "positions": [
            "article-3158",
            "article-235"
        ]
    },
    {
        "id": "order-37",
        "positions": [
            "article-396",
            "article-1476",
            "article-1147"
        ]
    },
    {
        "id": "order-38",
        "positions": [
            "article-668",
            "article-2559",
            "article-1133",
            "article-2105"
        ]
    },
    {
        "id": "order-39",
        "positions": [
            "article-961",
            "article-3066",
            "article-2268"
        ]
    },
    {
        "id": "order-40",
        "positions": [
            "article-844",
            "article-1622",
            "article-1413",
            "article-1617",
            "article-1064",
            "article-918"
        ]
    },
    {
        "id": "order-41",
        "positions": [
            "article-960",
            "article-1283"
        ]
    },
    {
        "id": "order-42",
        "positions": [
            "article-1897",
            "article-758"
        ]
    },
    {
        "id": "order-43",
        "positions": [
            "article-2207",
            "article-1711",
            "article-1647",
            "article-2025"
        ]
    },
    {
        "id": "order-44",
        "positions": [
            "article-2049",
            "article-1678"
        ]
    },
    {
        "id": "order-45",
        "positions": [
            "article-723",
            "article-2180",
            "article-1281",
            "article-2719"
        ]
    },
    {
        "id": "order-46",
        "positions": [
            "article-1998",
            "article-1887"
        ]
    },
    {
        "id": "order-47",
        "positions": [
            "article-3020",
            "article-1243"
        ]
    },
    {
        "id": "order-48",
        "positions": [
            "article-474",
            "article-1986"
        ]
    },
    {
        "id": "order-49",
        "positions": [
            "article-323",
            "article-2760",
            "article-1043"
        ]
    },
    {
        "id": "order-50",
        "positions": [
            "article-933",
            "article-42"
        ]
    },
    {
        "id": "order-51",
        "positions": [
            "article-565",
            "article-187"
        ]
    },
    {
        "id": "order-52",
        "positions": [
            "article-2048",
            "article-243",
            "article-1530"
        ]
    },
    {
        "id": "order-53",
        "positions": [
            "article-993",
            "article-2124"
        ]
    },
    {
        "id": "order-54",
        "positions": [
            "article-2997",
            "article-265",
            "article-322"
        ]
    },
    {
        "id": "order-55",
        "positions": [
            "article-475",
            "article-2648"
        ]
    },
    {
        "id": "order-56",
        "positions": [
            "article-851",
            "article-1466",
            "article-491"
        ]
    },
    {
        "id": "order-57",
        "positions": [
            "article-2787",
            "article-1898"
        ]
    },
    {
        "id": "order-58",
        "positions": [
            "article-3315",
            "article-2568"
        ]
    },
    {
        "id": "order-59",
        "positions": [
            "article-2325",
            "article-1409"
        ]
    },
    {
        "id": "order-60",
        "positions": [
            "article-3132",
            "article-2114"
        ]
    },
    {
        "id": "order-61",
        "positions": [
            "article-1717",
            "article-2839"
        ]
    },
    {
        "id": "order-62",
        "positions": [
            "article-1723",
            "article-236",
            "article-1171"
        ]
    },
    {
        "id": "order-63",
        "positions": [
            "article-3297",
            "article-2996"
        ]
    },
    {
        "id": "order-64",
        "positions": [
            "article-388",
            "article-3093"
        ]
    },
    {
        "id": "order-65",
        "positions": [
            "article-765",
            "article-146"
        ]
    },
    {
        "id": "order-66",
        "positions": [
            "article-1383",
            "article-1553",
            "article-1195"
        ]
    },
    {
        "id": "order-67",
        "positions": [
            "article-3193",
            "article-3169"
        ]
    },
    {
        "id": "order-68",
        "positions": [
            "article-96",
            "article-1192",
            "article-809",
            "article-745",
            "article-1821"
        ]
    },
    {
        "id": "order-69",
        "positions": [
            "article-36",
            "article-2785",
            "article-2501"
        ]
    },
    {
        "id": "order-70",
        "positions": [
            "article-3253",
            "article-2821",
            "article-1274",
            "article-1514"
        ]
    },
    {
        "id": "order-71",
        "positions": [
            "article-2875",
            "article-1942",
            "article-2405"
        ]
    },
    {
        "id": "order-72",
        "positions": [
            "article-2158",
            "article-429"
        ]
    },
    {
        "id": "order-73",
        "positions": [
            "article-1164",
            "article-516"
        ]
    },
    {
        "id": "order-74",
        "positions": [
            "article-3282",
            "article-941"
        ]
    },
    {
        "id": "order-75",
        "positions": [
            "article-1723",
            "article-2931"
        ]
    },
    {
        "id": "order-76",
        "positions": [
            "article-65",
            "article-2275"
        ]
    },
    {
        "id": "order-77",
        "positions": [
            "article-1871",
            "article-2015",
            "article-753"
        ]
    },
    {
        "id": "order-78",
        "positions": [
            "article-2985",
            "article-1982"
        ]
    },
    {
        "id": "order-79",
        "positions": [
            "article-573",
            "article-1955"
        ]
    },
    {
        "id": "order-80",
        "positions": [
            "article-2390",
            "article-1902"
        ]
    },
    {
        "id": "order-81",
        "positions": [
            "article-3155",
            "article-1815"
        ]
    },
    {
        "id": "order-82",
        "positions": [
            "article-1697",
            "article-1985"
        ]
    },
    {
        "id": "order-83",
        "positions": [
            "article-2591",
            "article-439"
        ]
    },
    {
        "id": "order-84",
        "positions": [
            "article-2193",
            "article-1005",
            "article-2162"
        ]
    },
    {
        "id": "order-85",
        "positions": [
            "article-1346",
            "article-3149",
            "article-592"
        ]
    },
    {
        "id": "order-86",
        "positions": [
            "article-1162",
            "article-2610"
        ]
    },
    {
        "id": "order-87",
        "positions": [
            "article-577",
            "article-1624",
            "article-1193"
        ]
    },
    {
        "id": "order-88",
        "positions": [
            "article-2889",
            "article-442",
            "article-1413",
            "article-3201"
        ]
    },
    {
        "id": "order-89",
        "positions": [
            "article-973",
            "article-3214"
        ]
    },
    {
        "id": "order-90",
        "positions": [
            "article-2908",
            "article-1607",
            "article-3025",
            "article-41"
        ]
    },
    {
        "id": "order-91",
        "positions": [
            "article-2656",
            "article-111"
        ]
    },
    {
        "id": "order-92",
        "positions": [
            "article-1339",
            "article-426",
            "article-2009",
            "article-290"
        ]
    },
    {
        "id": "order-93",
        "positions": [
            "article-2683",
            "article-215"
        ]
    },
    {
        "id": "order-94",
        "positions": [
            "article-885",
            "article-2361"
        ]
    },
    {
        "id": "order-95",
        "positions": [
            "article-1969",
            "article-1787",
            "article-2176",
            "article-1736",
            "article-2628",
            "article-2840"
        ]
    },
    {
        "id": "order-96",
        "positions": [
            "article-1376",
            "article-3231",
            "article-1527"
        ]
    },
    {
        "id": "order-97",
        "positions": [
            "article-2490",
            "article-1238"
        ]
    },
    {
        "id": "order-98",
        "positions": [
            "article-2788",
            "article-588",
            "article-1640"
        ]
    },
    {
        "id": "order-99",
        "positions": [
            "article-1774",
            "article-2575"
        ]
    },
    {
        "id": "order-100",
        "positions": [
            "article-414",
            "article-1154"
        ]
    },
    {
        "id": "order-101",
        "positions": [
            "article-2159",
            "article-2187"
        ]
    },
    {
        "id": "order-102",
        "positions": [
            "article-1292",
            "article-2757",
            "article-2460"
        ]
    },
    {
        "id": "order-103",
        "positions": [
            "article-2120",
            "article-675"
        ]
    },
    {
        "id": "order-104",
        "positions": [
            "article-273",
            "article-3284"
        ]
    },
    {
        "id": "order-105",
        "positions": [
            "article-3090",
            "article-1806"
        ]
    },
    {
        "id": "order-106",
        "positions": [
            "article-3096",
            "article-1098",
            "article-2649"
        ]
    },
    {
        "id": "order-107",
        "positions": [
            "article-2853",
            "article-2951"
        ]
    },
    {
        "id": "order-108",
        "positions": [
            "article-1166",
            "article-552"
        ]
    },
    {
        "id": "order-109",
        "positions": [
            "article-1997",
            "article-2863"
        ]
    },
    {
        "id": "order-110",
        "positions": [
            "article-2841",
            "article-289",
            "article-16",
            "article-2775"
        ]
    },
    {
        "id": "order-111",
        "positions": [
            "article-1410",
            "article-1530"
        ]
    },
    {
        "id": "order-112",
        "positions": [
            "article-1369",
            "article-173",
            "article-1240"
        ]
    },
    {
        "id": "order-113",
        "positions": [
            "article-2414",
            "article-1918",
            "article-1738"
        ]
    },
    {
        "id": "order-114",
        "positions": [
            "article-1349",
            "article-1485",
            "article-3259"
        ]
    },
    {
        "id": "order-115",
        "positions": [
            "article-843",
            "article-1648",
            "article-362"
        ]
    },
    {
        "id": "order-116",
        "positions": [
            "article-1343",
            "article-605"
        ]
    },
    {
        "id": "order-117",
        "positions": [
            "article-436",
            "article-3052",
            "article-2931",
            "article-2959",
            "article-1786"
        ]
    },
    {
        "id": "order-118",
        "positions": [
            "article-279",
            "article-2859",
            "article-690"
        ]
    },
    {
        "id": "order-119",
        "positions": [
            "article-71",
            "article-2967",
            "article-701"
        ]
    },
    {
        "id": "order-120",
        "positions": [
            "article-1778",
            "article-1133",
            "article-2130"
        ]
    },
    {
        "id": "order-121",
        "positions": [
            "article-1035",
            "article-2271",
            "article-618"
        ]
    },
    {
        "id": "order-122",
        "positions": [
            "article-2262",
            "article-2028",
            "article-1779"
        ]
    },
    {
        "id": "order-123",
        "positions": [
            "article-693",
            "article-751"
        ]
    },
    {
        "id": "order-124",
        "positions": [
            "article-131",
            "article-2436"
        ]
    },
    {
        "id": "order-125",
        "positions": [
            "article-261",
            "article-634",
            "article-2593"
        ]
    },
    {
        "id": "order-126",
        "positions": [
            "article-642",
            "article-1304",
            "article-745",
            "article-2153"
        ]
    },
    {
        "id": "order-127",
        "positions": [
            "article-2759",
            "article-1435"
        ]
    },
    {
        "id": "order-128",
        "positions": [
            "article-3075",
            "article-1287"
        ]
    },
    {
        "id": "order-129",
        "positions": [
            "article-1959",
            "article-575"
        ]
    },
    {
        "id": "order-130",
        "positions": [
            "article-1851",
            "article-2592",
            "article-540"
        ]
    },
    {
        "id": "order-131",
        "positions": [
            "article-2925",
            "article-1750",
            "article-2772"
        ]
    },
    {
        "id": "order-132",
        "positions": [
            "article-2297",
            "article-119",
            "article-983"
        ]
    },
    {
        "id": "order-133",
        "positions": [
            "article-1304",
            "article-1709",
            "article-1532"
        ]
    },
    {
        "id": "order-134",
        "positions": [
            "article-3310",
            "article-1549",
            "article-1344",
            "article-3326"
        ]
    },
    {
        "id": "order-135",
        "positions": [
            "article-2107",
            "article-1419",
            "article-1634",
            "article-1182"
        ]
    },
    {
        "id": "order-136",
        "positions": [
            "article-1820",
            "article-372"
        ]
    },
    {
        "id": "order-137",
        "positions": [
            "article-2535",
            "article-2643"
        ]
    },
    {
        "id": "order-138",
        "positions": [
            "article-875",
            "article-2918"
        ]
    },
    {
        "id": "order-139",
        "positions": [
            "article-715",
            "article-2443"
        ]
    },
    {
        "id": "order-140",
        "positions": [
            "article-1340",
            "article-2066",
            "article-2602",
            "article-2728"
        ]
    },
    {
        "id": "order-141",
        "positions": [
            "article-2029",
            "article-2197"
        ]
    },
    {
        "id": "order-142",
        "positions": [
            "article-639",
            "article-2828",
            "article-656"
        ]
    },
    {
        "id": "order-143",
        "positions": [
            "article-3014",
            "article-2418"
        ]
    },
    {
        "id": "order-144",
        "positions": [
            "article-1188",
            "article-104",
            "article-2129",
            "article-235"
        ]
    },
    {
        "id": "order-145",
        "positions": [
            "article-9",
            "article-1108",
            "article-1914"
        ]
    },
    {
        "id": "order-146",
        "positions": [
            "article-3091",
            "article-2056"
        ]
    },
    {
        "id": "order-147",
        "positions": [
            "article-2031",
            "article-2438"
        ]
    },
    {
        "id": "order-148",
        "positions": [
            "article-3086",
            "article-144",
            "article-2068"
        ]
    },
    {
        "id": "order-149",
        "positions": [
            "article-1753",
            "article-3164",
            "article-36"
        ]
    },
    {
        "id": "order-150",
        "positions": [
            "article-2538",
            "article-2136"
        ]
    },
    {
        "id": "order-151",
        "positions": [
            "article-3326",
            "article-646"
        ]
    },
    {
        "id": "order-152",
        "positions": [
            "article-1176",
            "article-2769",
            "article-402"
        ]
    },
    {
        "id": "order-153",
        "positions": [
            "article-1437",
            "article-2378"
        ]
    },
    {
        "id": "order-154",
        "positions": [
            "article-970",
            "article-3088"
        ]
    },
    {
        "id": "order-155",
        "positions": [
            "article-2353",
            "article-1616"
        ]
    },
    {
        "id": "order-156",
        "positions": [
            "article-795",
            "article-1652",
            "article-3264",
            "article-3097"
        ]
    },
    {
        "id": "order-157",
        "positions": [
            "article-2758",
            "article-1556"
        ]
    },
    {
        "id": "order-158",
        "positions": [
            "article-1397",
            "article-1583",
            "article-1540"
        ]
    },
    {
        "id": "order-159",
        "positions": [
            "article-507",
            "article-249",
            "article-1062",
            "article-1588"
        ]
    },
    {
        "id": "order-160",
        "positions": [
            "article-2972",
            "article-2660"
        ]
    },
    {
        "id": "order-161",
        "positions": [
            "article-2155",
            "article-2204",
            "article-698"
        ]
    },
    {
        "id": "order-162",
        "positions": [
            "article-1272",
            "article-2714",
            "article-2166"
        ]
    },
    {
        "id": "order-163",
        "positions": [
            "article-2509",
            "article-2769",
            "article-2648",
            "article-2169"
        ]
    },
    {
        "id": "order-164",
        "positions": [
            "article-3082",
            "article-1011"
        ]
    },
    {
        "id": "order-165",
        "positions": [
            "article-1721",
            "article-373",
            "article-3269",
            "article-2340"
        ]
    },
    {
        "id": "order-166",
        "positions": [
            "article-1353",
            "article-1037"
        ]
    },
    {
        "id": "order-167",
        "positions": [
            "article-2198",
            "article-2513"
        ]
    },
    {
        "id": "order-168",
        "positions": [
            "article-383",
            "article-25"
        ]
    },
    {
        "id": "order-169",
        "positions": [
            "article-51",
            "article-1000"
        ]
    },
    {
        "id": "order-170",
        "positions": [
            "article-1659",
            "article-542"
        ]
    },
    {
        "id": "order-171",
        "positions": [
            "article-3035",
            "article-1271",
            "article-2133"
        ]
    },
    {
        "id": "order-172",
        "positions": [
            "article-3121",
            "article-1146",
            "article-1025"
        ]
    },
    {
        "id": "order-173",
        "positions": [
            "article-2870",
            "article-2633",
            "article-3078"
        ]
    },
    {
        "id": "order-174",
        "positions": [
            "article-1959",
            "article-713"
        ]
    },
    {
        "id": "order-175",
        "positions": [
            "article-2848",
            "article-2476",
            "article-3050"
        ]
    },
    {
        "id": "order-176",
        "positions": [
            "article-1927",
            "article-1807"
        ]
    },
    {
        "id": "order-177",
        "positions": [
            "article-2795",
            "article-569"
        ]
    },
    {
        "id": "order-178",
        "positions": [
            "article-2736",
            "article-214"
        ]
    },
    {
        "id": "order-179",
        "positions": [
            "article-2303",
            "article-3069"
        ]
    },
    {
        "id": "order-180",
        "positions": [
            "article-2243",
            "article-1883"
        ]
    },
    {
        "id": "order-181",
        "positions": [
            "article-1614",
            "article-1126"
        ]
    },
    {
        "id": "order-182",
        "positions": [
            "article-2893",
            "article-606"
        ]
    },
    {
        "id": "order-183",
        "positions": [
            "article-381",
            "article-1800"
        ]
    },
    {
        "id": "order-184",
        "positions": [
            "article-2444",
            "article-287"
        ]
    },
    {
        "id": "order-185",
        "positions": [
            "article-602",
            "article-1896",
            "article-2131",
            "article-391"
        ]
    },
    {
        "id": "order-186",
        "positions": [
            "article-338",
            "article-1737",
            "article-2599"
        ]
    },
    {
        "id": "order-187",
        "positions": [
            "article-125",
            "article-343"
        ]
    },
    {
        "id": "order-188",
        "positions": [
            "article-1152",
            "article-1700",
            "article-934"
        ]
    },
    {
        "id": "order-189",
        "positions": [
            "article-605",
            "article-3045"
        ]
    },
    {
        "id": "order-190",
        "positions": [
            "article-2525",
            "article-3148",
            "article-860"
        ]
    },
    {
        "id": "order-191",
        "positions": [
            "article-1087",
            "article-182",
            "article-2060",
            "article-279"
        ]
    },
    {
        "id": "order-192",
        "positions": [
            "article-981",
            "article-2059"
        ]
    },
    {
        "id": "order-193",
        "positions": [
            "article-943",
            "article-2473",
            "article-2664"
        ]
    },
    {
        "id": "order-194",
        "positions": [
            "article-1993",
            "article-536"
        ]
    },
    {
        "id": "order-195",
        "positions": [
            "article-1868",
            "article-1865",
            "article-2232",
            "article-2078"
        ]
    },
    {
        "id": "order-196",
        "positions": [
            "article-375",
            "article-826"
        ]
    },
    {
        "id": "order-197",
        "positions": [
            "article-2536",
            "article-913",
            "article-1527",
            "article-2010"
        ]
    },
    {
        "id": "order-198",
        "positions": [
            "article-2761",
            "article-1779"
        ]
    },
    {
        "id": "order-199",
        "positions": [
            "article-1196",
            "article-73"
        ]
    },
    {
        "id": "order-200",
        "positions": [
            "article-2306",
            "article-727",
            "article-2496"
        ]
    },
    {
        "id": "order-201",
        "positions": [
            "article-1279",
            "article-1548",
            "article-3118"
        ]
    },
    {
        "id": "order-202",
        "positions": [
            "article-1800",
            "article-407",
            "article-2743"
        ]
    },
    {
        "id": "order-203",
        "positions": [
            "article-2954",
            "article-3015",
            "article-3216"
        ]
    },
    {
        "id": "order-204",
        "positions": [
            "article-1932",
            "article-1982",
            "article-301",
            "article-2513",
            "article-354"
        ]
    },
    {
        "id": "order-205",
        "positions": [
            "article-3121",
            "article-2593",
            "article-2965"
        ]
    },
    {
        "id": "order-206",
        "positions": [
            "article-3025",
            "article-1155",
            "article-237"
        ]
    },
    {
        "id": "order-207",
        "positions": [
            "article-107",
            "article-3315"
        ]
    },
    {
        "id": "order-208",
        "positions": [
            "article-2206",
            "article-446"
        ]
    },
    {
        "id": "order-209",
        "positions": [
            "article-3147",
            "article-572",
            "article-1931"
        ]
    },
    {
        "id": "order-210",
        "positions": [
            "article-2651",
            "article-937"
        ]
    },
    {
        "id": "order-211",
        "positions": [
            "article-2585",
            "article-1119",
            "article-644"
        ]
    },
    {
        "id": "order-212",
        "positions": [
            "article-681",
            "article-459"
        ]
    },
    {
        "id": "order-213",
        "positions": [
            "article-1949",
            "article-3059"
        ]
    },
    {
        "id": "order-214",
        "positions": [
            "article-1705",
            "article-1001"
        ]
    },
    {
        "id": "order-215",
        "positions": [
            "article-642",
            "article-2820"
        ]
    },
    {
        "id": "order-216",
        "positions": [
            "article-2535",
            "article-2073",
            "article-354"
        ]
    },
    {
        "id": "order-217",
        "positions": [
            "article-3115",
            "article-2166"
        ]
    },
    {
        "id": "order-218",
        "positions": [
            "article-2098",
            "article-2335"
        ]
    },
    {
        "id": "order-219",
        "positions": [
            "article-3272",
            "article-1064"
        ]
    },
    {
        "id": "order-220",
        "positions": [
            "article-1435",
            "article-2174",
            "article-1418"
        ]
    },
    {
        "id": "order-221",
        "positions": [
            "article-1069",
            "article-2080",
            "article-528",
            "article-1392"
        ]
    },
    {
        "id": "order-222",
        "positions": [
            "article-928",
            "article-2923"
        ]
    },
    {
        "id": "order-223",
        "positions": [
            "article-1125",
            "article-2221"
        ]
    },
    {
        "id": "order-224",
        "positions": [
            "article-908",
            "article-2309"
        ]
    },
    {
        "id": "order-225",
        "positions": [
            "article-1912",
            "article-830"
        ]
    },
    {
        "id": "order-226",
        "positions": [
            "article-1921",
            "article-1363",
            "article-1884"
        ]
    },
    {
        "id": "order-227",
        "positions": [
            "article-172",
            "article-1693",
            "article-1213"
        ]
    },
    {
        "id": "order-228",
        "positions": [
            "article-1688",
            "article-1678"
        ]
    },
    {
        "id": "order-229",
        "positions": [
            "article-3177",
            "article-942",
            "article-3101"
        ]
    },
    {
        "id": "order-230",
        "positions": [
            "article-345",
            "article-1842",
            "article-2515"
        ]
    },
    {
        "id": "order-231",
        "positions": [
            "article-2266",
            "article-620"
        ]
    },
    {
        "id": "order-232",
        "positions": [
            "article-1311",
            "article-2599",
            "article-3024"
        ]
    },
    {
        "id": "order-233",
        "positions": [
            "article-2358",
            "article-2849",
            "article-1150",
            "article-2499",
            "article-1537"
        ]
    },
    {
        "id": "order-234",
        "positions": [
            "article-2233",
            "article-3001",
            "article-2645"
        ]
    },
    {
        "id": "order-235",
        "positions": [
            "article-2466",
            "article-2275"
        ]
    },
    {
        "id": "order-236",
        "positions": [
            "article-1035",
            "article-2722",
            "article-2358",
            "article-1721"
        ]
    },
    {
        "id": "order-237",
        "positions": [
            "article-1009",
            "article-340"
        ]
    },
    {
        "id": "order-238",
        "positions": [
            "article-2871",
            "article-2839",
            "article-1955"
        ]
    },
    {
        "id": "order-239",
        "positions": [
            "article-2630",
            "article-1552"
        ]
    },
    {
        "id": "order-240",
        "positions": [
            "article-3101",
            "article-2236"
        ]
    },
    {
        "id": "order-241",
        "positions": [
            "article-1165",
            "article-2539"
        ]
    },
    {
        "id": "order-242",
        "positions": [
            "article-1113",
            "article-1108"
        ]
    },
    {
        "id": "order-243",
        "positions": [
            "article-62",
            "article-2674",
            "article-2810"
        ]
    },
    {
        "id": "order-244",
        "positions": [
            "article-1417",
            "article-1652"
        ]
    },
    {
        "id": "order-245",
        "positions": [
            "article-3022",
            "article-579"
        ]
    },
    {
        "id": "order-246",
        "positions": [
            "article-1560",
            "article-3032"
        ]
    },
    {
        "id": "order-247",
        "positions": [
            "article-2113",
            "article-1688"
        ]
    },
    {
        "id": "order-248",
        "positions": [
            "article-2167",
            "article-409",
            "article-1072"
        ]
    },
    {
        "id": "order-249",
        "positions": [
            "article-1591",
            "article-30"
        ]
    },
    {
        "id": "order-250",
        "positions": [
            "article-2772",
            "article-737"
        ]
    },
    {
        "id": "order-251",
        "positions": [
            "article-1081",
            "article-2599",
            "article-2493"
        ]
    },
    {
        "id": "order-252",
        "positions": [
            "article-196",
            "article-733"
        ]
    },
    {
        "id": "order-253",
        "positions": [
            "article-2800",
            "article-1344"
        ]
    },
    {
        "id": "order-254",
        "positions": [
            "article-3244",
            "article-2501"
        ]
    },
    {
        "id": "order-255",
        "positions": [
            "article-2092",
            "article-691"
        ]
    },
    {
        "id": "order-256",
        "positions": [
            "article-1025",
            "article-478"
        ]
    },
    {
        "id": "order-257",
        "positions": [
            "article-1528",
            "article-600",
            "article-854"
        ]
    },
    {
        "id": "order-258",
        "positions": [
            "article-312",
            "article-2710"
        ]
    },
    {
        "id": "order-259",
        "positions": [
            "article-3307",
            "article-1804",
            "article-2428",
            "article-2118"
        ]
    },
    {
        "id": "order-260",
        "positions": [
            "article-2450",
            "article-2007",
            "article-1812",
            "article-2827"
        ]
    },
    {
        "id": "order-261",
        "positions": [
            "article-694",
            "article-2000",
            "article-2668",
            "article-2604"
        ]
    },
    {
        "id": "order-262",
        "positions": [
            "article-602",
            "article-862"
        ]
    },
    {
        "id": "order-263",
        "positions": [
            "article-575",
            "article-1835"
        ]
    },
    {
        "id": "order-264",
        "positions": [
            "article-223",
            "article-899"
        ]
    },
    {
        "id": "order-265",
        "positions": [
            "article-1831",
            "article-900"
        ]
    },
    {
        "id": "order-266",
        "positions": [
            "article-1141",
            "article-1988"
        ]
    },
    {
        "id": "order-267",
        "positions": [
            "article-1398",
            "article-2764",
            "article-1369",
            "article-2907",
            "article-408",
            "article-97"
        ]
    },
    {
        "id": "order-268",
        "positions": [
            "article-1683",
            "article-2620",
            "article-32"
        ]
    },
    {
        "id": "order-269",
        "positions": [
            "article-2072",
            "article-2143",
            "article-2333",
            "article-1156"
        ]
    },
    {
        "id": "order-270",
        "positions": [
            "article-2786",
            "article-700"
        ]
    },
    {
        "id": "order-271",
        "positions": [
            "article-1253",
            "article-668",
            "article-120"
        ]
    },
    {
        "id": "order-272",
        "positions": [
            "article-1478",
            "article-1769"
        ]
    },
    {
        "id": "order-273",
        "positions": [
            "article-337",
            "article-1480",
            "article-666",
            "article-1744",
            "article-2618"
        ]
    },
    {
        "id": "order-274",
        "positions": [
            "article-1846",
            "article-508",
            "article-601",
            "article-977"
        ]
    },
    {
        "id": "order-275",
        "positions": [
            "article-698",
            "article-2"
        ]
    },
    {
        "id": "order-276",
        "positions": [
            "article-1211",
            "article-2416"
        ]
    },
    {
        "id": "order-277",
        "positions": [
            "article-530",
            "article-2312"
        ]
    },
    {
        "id": "order-278",
        "positions": [
            "article-985",
            "article-135",
            "article-1008",
            "article-123"
        ]
    },
    {
        "id": "order-279",
        "positions": [
            "article-3097",
            "article-2668",
            "article-395"
        ]
    },
    {
        "id": "order-280",
        "positions": [
            "article-1556",
            "article-2821"
        ]
    },
    {
        "id": "order-281",
        "positions": [
            "article-2176",
            "article-1072",
            "article-3143",
            "article-3119"
        ]
    },
    {
        "id": "order-282",
        "positions": [
            "article-2065",
            "article-3104",
            "article-3177"
        ]
    },
    {
        "id": "order-283",
        "positions": [
            "article-164",
            "article-2808"
        ]
    },
    {
        "id": "order-284",
        "positions": [
            "article-1276",
            "article-2687"
        ]
    },
    {
        "id": "order-285",
        "positions": [
            "article-1502",
            "article-2324",
            "article-435",
            "article-1672"
        ]
    },
    {
        "id": "order-286",
        "positions": [
            "article-2413",
            "article-642",
            "article-1382"
        ]
    },
    {
        "id": "order-287",
        "positions": [
            "article-2198",
            "article-1637",
            "article-1880"
        ]
    },
    {
        "id": "order-288",
        "positions": [
            "article-1802",
            "article-1847"
        ]
    },
    {
        "id": "order-289",
        "positions": [
            "article-1982",
            "article-192"
        ]
    },
    {
        "id": "order-290",
        "positions": [
            "article-1995",
            "article-800"
        ]
    },
    {
        "id": "order-291",
        "positions": [
            "article-1034",
            "article-784",
            "article-1896"
        ]
    },
    {
        "id": "order-292",
        "positions": [
            "article-2719",
            "article-3184"
        ]
    },
    {
        "id": "order-293",
        "positions": [
            "article-909",
            "article-443"
        ]
    },
    {
        "id": "order-294",
        "positions": [
            "article-2434",
            "article-1577",
            "article-2225",
            "article-2331"
        ]
    },
    {
        "id": "order-295",
        "positions": [
            "article-1828",
            "article-2287",
            "article-1576"
        ]
    },
    {
        "id": "order-296",
        "positions": [
            "article-1867",
            "article-2664"
        ]
    },
    {
        "id": "order-297",
        "positions": [
            "article-1416",
            "article-912"
        ]
    },
    {
        "id": "order-298",
        "positions": [
            "article-2915",
            "article-2966"
        ]
    },
    {
        "id": "order-299",
        "positions": [
            "article-989",
            "article-1836"
        ]
    },
    {
        "id": "order-300",
        "positions": [
            "article-2303",
            "article-3235",
            "article-2165",
            "article-1042"
        ]
    },
    {
        "id": "order-301",
        "positions": [
            "article-2113",
            "article-3306",
            "article-1359",
            "article-2752",
            "article-2141"
        ]
    },
    {
        "id": "order-302",
        "positions": [
            "article-827",
            "article-2016"
        ]
    },
    {
        "id": "order-303",
        "positions": [
            "article-261",
            "article-856"
        ]
    },
    {
        "id": "order-304",
        "positions": [
            "article-1208",
            "article-2507",
            "article-369"
        ]
    },
    {
        "id": "order-305",
        "positions": [
            "article-3125",
            "article-2339"
        ]
    },
    {
        "id": "order-306",
        "positions": [
            "article-2787",
            "article-3169"
        ]
    },
    {
        "id": "order-307",
        "positions": [
            "article-3174",
            "article-1869"
        ]
    },
    {
        "id": "order-308",
        "positions": [
            "article-2783",
            "article-3160",
            "article-1542",
            "article-482"
        ]
    },
    {
        "id": "order-309",
        "positions": [
            "article-35",
            "article-457",
            "article-2311"
        ]
    },
    {
        "id": "order-310",
        "positions": [
            "article-726",
            "article-2043"
        ]
    },
    {
        "id": "order-311",
        "positions": [
            "article-12",
            "article-2365"
        ]
    },
    {
        "id": "order-312",
        "positions": [
            "article-641",
            "article-90",
            "article-1972",
            "article-3161"
        ]
    },
    {
        "id": "order-313",
        "positions": [
            "article-777",
            "article-207"
        ]
    },
    {
        "id": "order-314",
        "positions": [
            "article-1203",
            "article-1231",
            "article-1360"
        ]
    },
    {
        "id": "order-315",
        "positions": [
            "article-610",
            "article-944",
            "article-2461"
        ]
    },
    {
        "id": "order-316",
        "positions": [
            "article-3161",
            "article-3147",
            "article-1530"
        ]
    },
    {
        "id": "order-317",
        "positions": [
            "article-675",
            "article-280"
        ]
    },
    {
        "id": "order-318",
        "positions": [
            "article-0",
            "article-1885"
        ]
    },
    {
        "id": "order-319",
        "positions": [
            "article-1390",
            "article-2802",
            "article-949"
        ]
    },
    {
        "id": "order-320",
        "positions": [
            "article-2549",
            "article-3186",
            "article-1321",
            "article-3243"
        ]
    },
    {
        "id": "order-321",
        "positions": [
            "article-2282",
            "article-2191"
        ]
    },
    {
        "id": "order-322",
        "positions": [
            "article-2981",
            "article-490",
            "article-2834",
            "article-2996"
        ]
    },
    {
        "id": "order-323",
        "positions": [
            "article-20",
            "article-2085",
            "article-520"
        ]
    },
    {
        "id": "order-324",
        "positions": [
            "article-1658",
            "article-2408",
            "article-1545"
        ]
    },
    {
        "id": "order-325",
        "positions": [
            "article-2200",
            "article-976",
            "article-1347",
            "article-2221"
        ]
    },
    {
        "id": "order-326",
        "positions": [
            "article-3146",
            "article-1238"
        ]
    },
    {
        "id": "order-327",
        "positions": [
            "article-445",
            "article-2597",
            "article-1643"
        ]
    },
    {
        "id": "order-328",
        "positions": [
            "article-455",
            "article-2633",
            "article-472"
        ]
    },
    {
        "id": "order-329",
        "positions": [
            "article-699",
            "article-2895",
            "article-2300"
        ]
    },
    {
        "id": "order-330",
        "positions": [
            "article-2046",
            "article-1158",
            "article-926"
        ]
    },
    {
        "id": "order-331",
        "positions": [
            "article-2739",
            "article-870",
            "article-3207",
            "article-3209"
        ]
    },
    {
        "id": "order-332",
        "positions": [
            "article-1380",
            "article-1919",
            "article-515"
        ]
    },
    {
        "id": "order-333",
        "positions": [
            "article-1364",
            "article-2586"
        ]
    },
    {
        "id": "order-334",
        "positions": [
            "article-463",
            "article-172",
            "article-1953"
        ]
    },
    {
        "id": "order-335",
        "positions": [
            "article-1969",
            "article-41"
        ]
    },
    {
        "id": "order-336",
        "positions": [
            "article-937",
            "article-852"
        ]
    },
    {
        "id": "order-337",
        "positions": [
            "article-1781",
            "article-133"
        ]
    },
    {
        "id": "order-338",
        "positions": [
            "article-2861",
            "article-303",
            "article-180",
            "article-1266"
        ]
    },
    {
        "id": "order-339",
        "positions": [
            "article-172",
            "article-119",
            "article-2992",
            "article-503"
        ]
    },
    {
        "id": "order-340",
        "positions": [
            "article-227",
            "article-2280"
        ]
    },
    {
        "id": "order-341",
        "positions": [
            "article-1310",
            "article-447"
        ]
    },
    {
        "id": "order-342",
        "positions": [
            "article-914",
            "article-1374"
        ]
    },
    {
        "id": "order-343",
        "positions": [
            "article-1329",
            "article-2443",
            "article-3208"
        ]
    },
    {
        "id": "order-344",
        "positions": [
            "article-1375",
            "article-2272"
        ]
    },
    {
        "id": "order-345",
        "positions": [
            "article-3087",
            "article-726"
        ]
    },
    {
        "id": "order-346",
        "positions": [
            "article-1318",
            "article-976"
        ]
    },
    {
        "id": "order-347",
        "positions": [
            "article-1389",
            "article-2231",
            "article-1713"
        ]
    },
    {
        "id": "order-348",
        "positions": [
            "article-1885",
            "article-1329",
            "article-1873"
        ]
    },
    {
        "id": "order-349",
        "positions": [
            "article-1166",
            "article-2261",
            "article-2688",
            "article-3059"
        ]
    },
    {
        "id": "order-350",
        "positions": [
            "article-2863",
            "article-1346",
            "article-3235"
        ]
    },
    {
        "id": "order-351",
        "positions": [
            "article-921",
            "article-1660"
        ]
    },
    {
        "id": "order-352",
        "positions": [
            "article-2814",
            "article-1131",
            "article-3296",
            "article-1530",
            "article-2334"
        ]
    },
    {
        "id": "order-353",
        "positions": [
            "article-2239",
            "article-2932"
        ]
    },
    {
        "id": "order-354",
        "positions": [
            "article-2717",
            "article-475",
            "article-2021",
            "article-1752"
        ]
    },
    {
        "id": "order-355",
        "positions": [
            "article-2063",
            "article-83"
        ]
    },
    {
        "id": "order-356",
        "positions": [
            "article-980",
            "article-1860"
        ]
    },
    {
        "id": "order-357",
        "positions": [
            "article-1144",
            "article-1300",
            "article-1336",
            "article-2848"
        ]
    },
    {
        "id": "order-358",
        "positions": [
            "article-1814",
            "article-1783"
        ]
    },
    {
        "id": "order-359",
        "positions": [
            "article-3185",
            "article-2763",
            "article-889"
        ]
    },
    {
        "id": "order-360",
        "positions": [
            "article-2662",
            "article-797",
            "article-3246"
        ]
    },
    {
        "id": "order-361",
        "positions": [
            "article-367",
            "article-2930"
        ]
    },
    {
        "id": "order-362",
        "positions": [
            "article-1037",
            "article-2802",
            "article-860",
            "article-1661"
        ]
    },
    {
        "id": "order-363",
        "positions": [
            "article-968",
            "article-1845",
            "article-1875"
        ]
    },
    {
        "id": "order-364",
        "positions": [
            "article-2115",
            "article-676"
        ]
    },
    {
        "id": "order-365",
        "positions": [
            "article-820",
            "article-2323"
        ]
    },
    {
        "id": "order-366",
        "positions": [
            "article-3097",
            "article-1892"
        ]
    },
    {
        "id": "order-367",
        "positions": [
            "article-1673",
            "article-3263"
        ]
    },
    {
        "id": "order-368",
        "positions": [
            "article-1910",
            "article-1487"
        ]
    },
    {
        "id": "order-369",
        "positions": [
            "article-1698",
            "article-2042",
            "article-917"
        ]
    },
    {
        "id": "order-370",
        "positions": [
            "article-504",
            "article-2393"
        ]
    },
    {
        "id": "order-371",
        "positions": [
            "article-628",
            "article-2317",
            "article-2621",
            "article-3171",
            "article-377",
            "article-1546"
        ]
    },
    {
        "id": "order-372",
        "positions": [
            "article-2391",
            "article-2693"
        ]
    },
    {
        "id": "order-373",
        "positions": [
            "article-1545",
            "article-208"
        ]
    },
    {
        "id": "order-374",
        "positions": [
            "article-3202",
            "article-3248"
        ]
    },
    {
        "id": "order-375",
        "positions": [
            "article-2792",
            "article-26"
        ]
    },
    {
        "id": "order-376",
        "positions": [
            "article-3220",
            "article-3079",
            "article-2696"
        ]
    },
    {
        "id": "order-377",
        "positions": [
            "article-30",
            "article-3116"
        ]
    },
    {
        "id": "order-378",
        "positions": [
            "article-779",
            "article-2314",
            "article-3264"
        ]
    },
    {
        "id": "order-379",
        "positions": [
            "article-3236",
            "article-2590"
        ]
    },
    {
        "id": "order-380",
        "positions": [
            "article-929",
            "article-2530"
        ]
    },
    {
        "id": "order-381",
        "positions": [
            "article-1228",
            "article-1588",
            "article-933",
            "article-3053",
            "article-1497"
        ]
    },
    {
        "id": "order-382",
        "positions": [
            "article-857",
            "article-1062",
            "article-1051"
        ]
    },
    {
        "id": "order-383",
        "positions": [
            "article-1158",
            "article-437"
        ]
    },
    {
        "id": "order-384",
        "positions": [
            "article-1633",
            "article-1993"
        ]
    },
    {
        "id": "order-385",
        "positions": [
            "article-2039",
            "article-2263",
            "article-3106",
            "article-2974",
            "article-1943"
        ]
    },
    {
        "id": "order-386",
        "positions": [
            "article-3019",
            "article-1807"
        ]
    },
    {
        "id": "order-387",
        "positions": [
            "article-1913",
            "article-1770"
        ]
    },
    {
        "id": "order-388",
        "positions": [
            "article-2540",
            "article-918"
        ]
    },
    {
        "id": "order-389",
        "positions": [
            "article-1193",
            "article-3076",
            "article-1835",
            "article-2224"
        ]
    },
    {
        "id": "order-390",
        "positions": [
            "article-1728",
            "article-1077",
            "article-1303"
        ]
    },
    {
        "id": "order-391",
        "positions": [
            "article-3320",
            "article-2018",
            "article-1127"
        ]
    },
    {
        "id": "order-392",
        "positions": [
            "article-3059",
            "article-1034"
        ]
    },
    {
        "id": "order-393",
        "positions": [
            "article-3035",
            "article-1030",
            "article-1191"
        ]
    },
    {
        "id": "order-394",
        "positions": [
            "article-1455",
            "article-3292",
            "article-631",
            "article-621",
            "article-1290"
        ]
    },
    {
        "id": "order-395",
        "positions": [
            "article-2612",
            "article-78"
        ]
    },
    {
        "id": "order-396",
        "positions": [
            "article-808",
            "article-2434"
        ]
    },
    {
        "id": "order-397",
        "positions": [
            "article-1343",
            "article-2052"
        ]
    },
    {
        "id": "order-398",
        "positions": [
            "article-411",
            "article-340"
        ]
    },
    {
        "id": "order-399",
        "positions": [
            "article-3182",
            "article-650"
        ]
    },
    {
        "id": "order-400",
        "positions": [
            "article-228",
            "article-1968",
            "article-709",
            "article-2365"
        ]
    },
    {
        "id": "order-401",
        "positions": [
            "article-2069",
            "article-2435",
            "article-2301"
        ]
    },
    {
        "id": "order-402",
        "positions": [
            "article-2734",
            "article-706",
            "article-2606"
        ]
    },
    {
        "id": "order-403",
        "positions": [
            "article-741",
            "article-2797",
            "article-1366",
            "article-3307"
        ]
    },
    {
        "id": "order-404",
        "positions": [
            "article-1468",
            "article-3145"
        ]
    },
    {
        "id": "order-405",
        "positions": [
            "article-2572",
            "article-2853"
        ]
    },
    {
        "id": "order-406",
        "positions": [
            "article-913",
            "article-891",
            "article-2480"
        ]
    },
    {
        "id": "order-407",
        "positions": [
            "article-1095",
            "article-1434"
        ]
    },
    {
        "id": "order-408",
        "positions": [
            "article-478",
            "article-2379"
        ]
    },
    {
        "id": "order-409",
        "positions": [
            "article-1341",
            "article-104"
        ]
    },
    {
        "id": "order-410",
        "positions": [
            "article-287",
            "article-1088"
        ]
    },
    {
        "id": "order-411",
        "positions": [
            "article-2097",
            "article-1104"
        ]
    },
    {
        "id": "order-412",
        "positions": [
            "article-2322",
            "article-3163",
            "article-2314"
        ]
    },
    {
        "id": "order-413",
        "positions": [
            "article-862",
            "article-1467",
            "article-593"
        ]
    },
    {
        "id": "order-414",
        "positions": [
            "article-273",
            "article-725",
            "article-2760"
        ]
    },
    {
        "id": "order-415",
        "positions": [
            "article-2534",
            "article-1337"
        ]
    },
    {
        "id": "order-416",
        "positions": [
            "article-2728",
            "article-2201",
            "article-1912"
        ]
    },
    {
        "id": "order-417",
        "positions": [
            "article-121",
            "article-2963",
            "article-900"
        ]
    },
    {
        "id": "order-418",
        "positions": [
            "article-184",
            "article-3068"
        ]
    },
    {
        "id": "order-419",
        "positions": [
            "article-15",
            "article-2874",
            "article-3059"
        ]
    },
    {
        "id": "order-420",
        "positions": [
            "article-2901",
            "article-1273"
        ]
    },
    {
        "id": "order-421",
        "positions": [
            "article-2757",
            "article-2062"
        ]
    },
    {
        "id": "order-422",
        "positions": [
            "article-1189",
            "article-2871",
            "article-381"
        ]
    },
    {
        "id": "order-423",
        "positions": [
            "article-1768",
            "article-1897"
        ]
    },
    {
        "id": "order-424",
        "positions": [
            "article-664",
            "article-1234"
        ]
    },
    {
        "id": "order-425",
        "positions": [
            "article-917",
            "article-3073"
        ]
    },
    {
        "id": "order-426",
        "positions": [
            "article-1896",
            "article-766"
        ]
    },
    {
        "id": "order-427",
        "positions": [
            "article-1313",
            "article-3002"
        ]
    },
    {
        "id": "order-428",
        "positions": [
            "article-2332",
            "article-3143"
        ]
    },
    {
        "id": "order-429",
        "positions": [
            "article-3284",
            "article-771"
        ]
    },
    {
        "id": "order-430",
        "positions": [
            "article-3110",
            "article-54"
        ]
    },
    {
        "id": "order-431",
        "positions": [
            "article-2302",
            "article-2139"
        ]
    },
    {
        "id": "order-432",
        "positions": [
            "article-1550",
            "article-975"
        ]
    },
    {
        "id": "order-433",
        "positions": [
            "article-3322",
            "article-3071"
        ]
    },
    {
        "id": "order-434",
        "positions": [
            "article-2946",
            "article-2062",
            "article-1392"
        ]
    },
    {
        "id": "order-435",
        "positions": [
            "article-2208",
            "article-2750",
            "article-2587"
        ]
    },
    {
        "id": "order-436",
        "positions": [
            "article-2832",
            "article-70"
        ]
    },
    {
        "id": "order-437",
        "positions": [
            "article-2203",
            "article-1232"
        ]
    },
    {
        "id": "order-438",
        "positions": [
            "article-2940",
            "article-622"
        ]
    },
    {
        "id": "order-439",
        "positions": [
            "article-3250",
            "article-2018",
            "article-1023"
        ]
    },
    {
        "id": "order-440",
        "positions": [
            "article-2376",
            "article-1696",
            "article-2654",
            "article-2369"
        ]
    },
    {
        "id": "order-441",
        "positions": [
            "article-2731",
            "article-3101"
        ]
    },
    {
        "id": "order-442",
        "positions": [
            "article-153",
            "article-1939",
            "article-114",
            "article-2284"
        ]
    },
    {
        "id": "order-443",
        "positions": [
            "article-2720",
            "article-938",
            "article-806",
            "article-879"
        ]
    },
    {
        "id": "order-444",
        "positions": [
            "article-1425",
            "article-2814",
            "article-2108"
        ]
    },
    {
        "id": "order-445",
        "positions": [
            "article-236",
            "article-2627"
        ]
    },
    {
        "id": "order-446",
        "positions": [
            "article-3102",
            "article-871"
        ]
    },
    {
        "id": "order-447",
        "positions": [
            "article-1985",
            "article-918"
        ]
    },
    {
        "id": "order-448",
        "positions": [
            "article-2810",
            "article-876"
        ]
    },
    {
        "id": "order-449",
        "positions": [
            "article-2709",
            "article-821",
            "article-1861",
            "article-3220",
            "article-1360"
        ]
    },
    {
        "id": "order-450",
        "positions": [
            "article-900",
            "article-1519"
        ]
    },
    {
        "id": "order-451",
        "positions": [
            "article-2075",
            "article-40"
        ]
    },
    {
        "id": "order-452",
        "positions": [
            "article-2506",
            "article-2963"
        ]
    },
    {
        "id": "order-453",
        "positions": [
            "article-2654",
            "article-2748",
            "article-591"
        ]
    },
    {
        "id": "order-454",
        "positions": [
            "article-1584",
            "article-504"
        ]
    },
    {
        "id": "order-455",
        "positions": [
            "article-635",
            "article-3195"
        ]
    },
    {
        "id": "order-456",
        "positions": [
            "article-3089",
            "article-1505"
        ]
    },
    {
        "id": "order-457",
        "positions": [
            "article-1479",
            "article-3238",
            "article-538"
        ]
    },
    {
        "id": "order-458",
        "positions": [
            "article-61",
            "article-312"
        ]
    },
    {
        "id": "order-459",
        "positions": [
            "article-1462",
            "article-1999",
            "article-215"
        ]
    },
    {
        "id": "order-460",
        "positions": [
            "article-1918",
            "article-3025"
        ]
    },
    {
        "id": "order-461",
        "positions": [
            "article-1843",
            "article-24"
        ]
    },
    {
        "id": "order-462",
        "positions": [
            "article-3141",
            "article-651",
            "article-1693",
            "article-2348"
        ]
    },
    {
        "id": "order-463",
        "positions": [
            "article-3207",
            "article-2384"
        ]
    },
    {
        "id": "order-464",
        "positions": [
            "article-2782",
            "article-1452",
            "article-1112",
            "article-2429"
        ]
    },
    {
        "id": "order-465",
        "positions": [
            "article-2628",
            "article-2123",
            "article-2815"
        ]
    },
    {
        "id": "order-466",
        "positions": [
            "article-3249",
            "article-391"
        ]
    },
    {
        "id": "order-467",
        "positions": [
            "article-3195",
            "article-1996"
        ]
    },
    {
        "id": "order-468",
        "positions": [
            "article-1296",
            "article-136"
        ]
    },
    {
        "id": "order-469",
        "positions": [
            "article-46",
            "article-1599"
        ]
    },
    {
        "id": "order-470",
        "positions": [
            "article-828",
            "article-563",
            "article-1180"
        ]
    },
    {
        "id": "order-471",
        "positions": [
            "article-3316",
            "article-2639"
        ]
    },
    {
        "id": "order-472",
        "positions": [
            "article-3078",
            "article-1200",
            "article-388"
        ]
    },
    {
        "id": "order-473",
        "positions": [
            "article-1258",
            "article-1640"
        ]
    },
    {
        "id": "order-474",
        "positions": [
            "article-2429",
            "article-343"
        ]
    },
    {
        "id": "order-475",
        "positions": [
            "article-160",
            "article-3126",
            "article-459",
            "article-3005"
        ]
    },
    {
        "id": "order-476",
        "positions": [
            "article-282",
            "article-1740"
        ]
    },
    {
        "id": "order-477",
        "positions": [
            "article-831",
            "article-1653"
        ]
    },
    {
        "id": "order-478",
        "positions": [
            "article-508",
            "article-2829"
        ]
    },
    {
        "id": "order-479",
        "positions": [
            "article-2283",
            "article-2888"
        ]
    },
    {
        "id": "order-480",
        "positions": [
            "article-2498",
            "article-247"
        ]
    },
    {
        "id": "order-481",
        "positions": [
            "article-371",
            "article-2197"
        ]
    },
    {
        "id": "order-482",
        "positions": [
            "article-2502",
            "article-2461"
        ]
    },
    {
        "id": "order-483",
        "positions": [
            "article-2144",
            "article-2776",
            "article-1017"
        ]
    },
    {
        "id": "order-484",
        "positions": [
            "article-716",
            "article-2455"
        ]
    },
    {
        "id": "order-485",
        "positions": [
            "article-3184",
            "article-28",
            "article-3078"
        ]
    },
    {
        "id": "order-486",
        "positions": [
            "article-3050",
            "article-1218"
        ]
    },
    {
        "id": "order-487",
        "positions": [
            "article-1263",
            "article-1512",
            "article-2395",
            "article-262",
            "article-2231"
        ]
    },
    {
        "id": "order-488",
        "positions": [
            "article-2994",
            "article-806"
        ]
    },
    {
        "id": "order-489",
        "positions": [
            "article-767",
            "article-3055",
            "article-2284"
        ]
    },
    {
        "id": "order-490",
        "positions": [
            "article-1409",
            "article-320",
            "article-450"
        ]
    },
    {
        "id": "order-491",
        "positions": [
            "article-2837",
            "article-2857"
        ]
    },
    {
        "id": "order-492",
        "positions": [
            "article-3083",
            "article-44"
        ]
    },
    {
        "id": "order-493",
        "positions": [
            "article-1809",
            "article-1832"
        ]
    },
    {
        "id": "order-494",
        "positions": [
            "article-2951",
            "article-3130",
            "article-1698"
        ]
    },
    {
        "id": "order-495",
        "positions": [
            "article-3077",
            "article-2352"
        ]
    },
    {
        "id": "order-496",
        "positions": [
            "article-439",
            "article-2843",
            "article-2474",
            "article-1396"
        ]
    },
    {
        "id": "order-497",
        "positions": [
            "article-1266",
            "article-405"
        ]
    },
    {
        "id": "order-498",
        "positions": [
            "article-465",
            "article-1527",
            "article-515",
            "article-1048"
        ]
    },
    {
        "id": "order-499",
        "positions": [
            "article-1820",
            "article-1189",
            "article-2726"
        ]
    }
]