[
    {
        "id": "order-0",
        "positions": [
            "article-86",
            "article-165"
        ]
    },
    {
        "id": "order-1",
        "positions": [
            "article-280",
            "article-102",
            "article-196",
            "article-323"
        ]
    },
    {
        "id": "order-2",
        "positions": [
            "article-167",
            "article-132",
            "article-21",
            "article-308",
            "article-138"
        ]
    },
    {
        "id": "order-3",
        "positions": [
            "article-196",
            "article-148"
        ]
    },
    {
        "id": "order-4",
        "positions": [
            "article-303",
            "article-130"
        ]
    },
    {
        "id": "order-5",
        "positions": [
            "article-178",
            "article-267",
            "article-77",
            "article-107"
        ]
    },
    {
        "id": "order-6",
        "positions": [
            "article-258",
            "article-40"
        ]
    },
    {
        "id": "order-7",
        "positions": [
            "article-270",
            "article-19"
        ]
    },
    {
        "id": "order-8",
        "positions": [
            "article-279",
            "article-230",
            "article-53"
        ]
    },
    {
        "id": "order-9",
        "positions": [
            "article-164",
            "article-119"
        ]
    },
    {
        "id": "order-10",
        "positions": [
            "article-176",
            "article-224"
        ]
    },
    {
        "id": "order-11",
        "positions": [
            "article-283",
            "article-55"
        ]
    },
    {
        "id": "order-12",
        "positions": [
            "article-196",
            "article-82"
        ]
    },
    {
        "id": "order-13",
        "positions": [
            "article-303",
            "article-188",
            "article-142"
        ]
    },
    {
        "id": "order-14",
        "positions": [
            "article-220",
            "article-215",
            "article-223"
        ]
    },
    {
        "id": "order-15",
        "positions": [
            "article-288",
            "article-307"
        ]
    },
    {
        "id": "order-16",
        "positions": [
            "article-213",
            "article-46",
            "article-99"
        ]
    },
    {
        "id": "order-17",
        "positions": [
            "article-241",
            "article-296",
            "article-213"
        ]
    },
    {
        "id": "order-18",
        "positions": [
            "article-28",
            "article-153"
        ]
    },
    {
        "id": "order-19",
        "positions": [
            "article-290",
            "article-80"
        ]
    },
    {
        "id": "order-20",
        "positions": [
            "article-84",
            "article-158",
            "article-80"
        ]
    },
    {
        "id": "order-21",
        "positions": [
            "article-175",
            "article-68"
        ]
    },
    {
        "id": "order-22",
        "positions": [
            "article-326",
            "article-135"
        ]
    },
    {
        "id": "order-23",
        "positions": [
            "article-175",
            "article-276",
            "article-285",
            "article-287"
        ]
    },
    {
        "id": "order-24",
        "positions": [
            "article-17",
            "article-145"
        ]
    },
    {
        "id": "order-25",
        "positions": [
            "article-42",
            "article-277"
        ]
    },
    {
        "id": "order-26",
        "positions": [
            "article-47",
            "article-153"
        ]
    },
    {
        "id": "order-27",
        "positions": [
            "article-174",
            "article-7"
        ]
    },
    {
        "id": "order-28",
        "positions": [
            "article-180",
            "article-29",
            "article-110",
            "article-304"
        ]
    },
    {
        "id": "order-29",
        "positions": [
            "article-240",
            "article-184",
            "article-311",
            "article-39"
        ]
    },
    {
        "id": "order-30",
        "positions": [
            "article-187",
            "article-216"
        ]
    },
    {
        "id": "order-31",
        "positions": [
            "article-66",
            "article-176"
        ]
    },
    {
        "id": "order-32",
        "positions": [
            "article-46",
            "article-321"
        ]
    },
    {
        "id": "order-33",
        "positions": [
            "article-329",
            "article-79",
            "article-20"
        ]
    },
    {
        "id": "order-34",
        "positions": [
            "article-193",
            "article-195",
            "article-76"
        ]
    },
    {
        "id": "order-35",
        "positions": [
            "article-20",
            "article-104"
        ]
    },
    {
        "id": "order-36",
        "positions": [
            "article-0",
            "article-291"
        ]
    },
    {
        "id": "order-37",
        "positions": [
            "article-285",
            "article-314"
        ]
    },
    {
        "id": "order-38",
        "positions": [
            "article-330",
            "article-239"
        ]
    },
    {
        "id": "order-39",
        "positions": [
            "article-304",
            "article-254"
        ]
    },
    {
        "id": "order-40",
        "positions": [
            "article-98",
            "article-263",
            "article-137"
        ]
    },
    {
        "id": "order-41",
        "positions": [
            "article-78",
            "article-291",
            "article-105",
            "article-126"
        ]
    },
    {
        "id": "order-42",
        "positions": [
            "article-153",
            "article-22"
        ]
    },
    {
        "id": "order-43",
        "positions": [
            "article-214",
            "article-185"
        ]
    },
    {
        "id": "order-44",
        "positions": [
            "article-45",
            "article-206"
        ]
    },
    {
        "id": "order-45",
        "positions": [
            "article-238",
            "article-182",
            "article-257"
        ]
    },
    {
        "id": "order-46",
        "positions": [
            "article-81",
            "article-243"
        ]
    },
    {
        "id": "order-47",
        "positions": [
            "article-295",
            "article-100"
        ]
    },
    {
        "id": "order-48",
        "positions": [
            "article-224",
            "article-292",
            "article-103"
        ]
    },
    {
        "id": "order-49",
        "positions": [
            "article-144",
            "article-295",
            "article-90"
        ]
    }
]