[
    {
        "id": "order-0",
        "positions": [
            "article-965",
            "article-1809"
        ]
    },
    {
        "id": "order-1",
        "positions": [
            "article-2109",
            "article-1228",
            "article-2219"
        ]
    },
    {
        "id": "order-2",
        "positions": [
            "article-2780",
            "article-1928"
        ]
    },
    {
        "id": "order-3",
        "positions": [
            "article-104",
            "article-1031"
        ]
    },
    {
        "id": "order-4",
        "positions": [
            "article-201",
            "article-1935",
            "article-1755"
        ]
    },
    {
        "id": "order-5",
        "positions": [
            "article-2492",
            "article-1405"
        ]
    },
    {
        "id": "order-6",
        "positions": [
            "article-1002",
            "article-730"
        ]
    },
    {
        "id": "order-7",
        "positions": [
            "article-271",
            "article-2964",
            "article-1254"
        ]
    },
    {
        "id": "order-8",
        "positions": [
            "article-3248",
            "article-2431"
        ]
    },
    {
        "id": "order-9",
        "positions": [
            "article-270",
            "article-142"
        ]
    },
    {
        "id": "order-10",
        "positions": [
            "article-2788",
            "article-831",
            "article-2562"
        ]
    },
    {
        "id": "order-11",
        "positions": [
            "article-2818",
            "article-2776"
        ]
    },
    {
        "id": "order-12",
        "positions": [
            "article-1102",
            "article-1477"
        ]
    },
    {
        "id": "order-13",
        "positions": [
            "article-2617",
            "article-3119"
        ]
    },
    {
        "id": "order-14",
        "positions": [
            "article-3080",
            "article-1316"
        ]
    },
    {
        "id": "order-15",
        "positions": [
            "article-399",
            "article-2985"
        ]
    },
    {
        "id": "order-16",
        "positions": [
            "article-2234",
            "article-608"
        ]
    },
    {
        "id": "order-17",
        "positions": [
            "article-231",
            "article-2225"
        ]
    },
    {
        "id": "order-18",
        "positions": [
            "article-2186",
            "article-3171"
        ]
    },
    {
        "id": "order-19",
        "positions": [
            "article-2446",
            "article-1627"
        ]
    },
    {
        "id": "order-20",
        "positions": [
            "article-2564",
            "article-2425",
            "article-2150"
        ]
    },
    {
        "id": "order-21",
        "positions": [
            "article-467",
            "article-2513"
        ]
    },
    {
        "id": "order-22",
        "positions": [
            "article-518",
            "article-169"
        ]
    },
    {
        "id": "order-23",
        "positions": [
            "article-1799",
            "article-713",
            "article-2541"
        ]
    },
    {
        "id": "order-24",
        "positions": [
            "article-2877",
            "article-1403"
        ]
    },
    {
        "id": "order-25",
        "positions": [
            "article-775",
            "article-2279",
            "article-139"
        ]
    },
    {
        "id": "order-26",
        "positions": [
            "article-10",
            "article-1787",
            "article-2331",
            "article-321"
        ]
    },
    {
        "id": "order-27",
        "positions": [
            "article-2929",
            "article-1090"
        ]
    },
    {
        "id": "order-28",
        "positions": [
            "article-740",
            "article-2619",
            "article-1269",
            "article-2539"
        ]
    },
    {
        "id": "order-29",
        "positions": [
            "article-1181",
            "article-1404"
        ]
    },
    {
        "id": "order-30",
        "positions": [
            "article-2653",
            "article-699"
        ]
    },
    {
        "id": "order-31",
        "positions": [
            "article-740",
            "article-1107"
        ]
    },
    {
        "id": "order-32",
        "positions": [
            "article-610",
            "article-2854"
        ]
    },
    {
        "id": "order-33",
        "positions": [
            "article-1421",
            "article-1297"
        ]
    },
    {
        "id": "order-34",
        "positions": [
            "article-1196",
            "article-981",
            "article-2742"
        ]
    },
    {
        "id": "order-35",
        "positions": [
            "article-3008",
            "article-2112"
        ]
    },
    {
        "id": "order-36",
        "positions": [
            "article-1467",
            "article-2424"
        ]
    },
    {
        "id": "order-37",
        "positions": [
            "article-1815",
            "article-2269"
        ]
    },
    {
        "id": "order-38",
        "positions": [
            "article-2788",
            "article-2169"
        ]
    },
    {
        "id": "order-39",
        "positions": [
            "article-1413",
            "article-1859",
            "article-2072"
        ]
    },
    {
        "id": "order-40",
        "positions": [
            "article-413",
            "article-111"
        ]
    },
    {
        "id": "order-41",
        "positions": [
            "article-2042",
            "article-2707"
        ]
    },
    {
        "id": "order-42",
        "positions": [
            "article-1626",
            "article-1033"
        ]
    },
    {
        "id": "order-43",
        "positions": [
            "article-2407",
            "article-537"
        ]
    },
    {
        "id": "order-44",
        "positions": [
            "article-3106",
            "article-2048",
            "article-782"
        ]
    },
    {
        "id": "order-45",
        "positions": [
            "article-981",
            "article-87",
            "article-753",
            "article-418",
            "article-1927",
            "article-3246"
        ]
    },
    {
        "id": "order-46",
        "positions": [
            "article-1168",
            "article-1379"
        ]
    },
    {
        "id": "order-47",
        "positions": [
            "article-1142",
            "article-647",
            "article-287"
        ]
    },
    {
        "id": "order-48",
        "positions": [
            "article-54",
            "article-614",
            "article-32"
        ]
    },
    {
        "id": "order-49",
        "positions": [
            "article-1068",
            "article-33",
            "article-406"
        ]
    },
    {
        "id": "order-50",
        "positions": [
            "article-2924",
            "article-585",
            "article-2505",
            "article-1763"
        ]
    },
    {
        "id": "order-51",
        "positions": [
            "article-2400",
            "article-1228"
        ]
    },
    {
        "id": "order-52",
        "positions": [
            "article-3153",
            "article-149",
            "article-123",
            "article-589"
        ]
    },
    {
        "id": "order-53",
        "positions": [
            "article-1951",
            "article-1262",
            "article-1788"
        ]
    },
    {
        "id": "order-54",
        "positions": [
            "article-1518",
            "article-1220",
            "article-841",
            "article-1668"
        ]
    },
    {
        "id": "order-55",
        "positions": [
            "article-1789",
            "article-1373"
        ]
    },
    {
        "id": "order-56",
        "positions": [
            "article-3289",
            "article-1491",
            "article-859"
        ]
    },
    {
        "id": "order-57",
        "positions": [
            "article-945",
            "article-1460"
        ]
    },
    {
        "id": "order-58",
        "positions": [
            "article-261",
            "article-2320",
            "article-2593"
        ]
    },
    {
        "id": "order-59",
        "positions": [
            "article-1028",
            "article-2271",
            "article-1358",
            "article-2766"
        ]
    },
    {
        "id": "order-60",
        "positions": [
            "article-3147",
            "article-2997"
        ]
    },
    {
        "id": "order-61",
        "positions": [
            "article-706",
            "article-2010"
        ]
    },
    {
        "id": "order-62",
        "positions": [
            "article-252",
            "article-365"
        ]
    },
    {
        "id": "order-63",
        "positions": [
            "article-3236",
            "article-2743",
            "article-1183"
        ]
    },
    {
        "id": "order-64",
        "positions": [
            "article-1392",
            "article-1602"
        ]
    },
    {
        "id": "order-65",
        "positions": [
            "article-3139",
            "article-1662",
            "article-521",
            "article-1298"
        ]
    },
    {
        "id": "order-66",
        "positions": [
            "article-1239",
            "article-828"
        ]
    },
    {
        "id": "order-67",
        "positions": [
            "article-778",
            "article-3277"
        ]
    },
    {
        "id": "order-68",
        "positions": [
            "article-1990",
            "article-2531",
            "article-1134"
        ]
    },
    {
        "id": "order-69",
        "positions": [
            "article-690",
            "article-1910"
        ]
    },
    {
        "id": "order-70",
        "positions": [
            "article-2267",
            "article-3310"
        ]
    },
    {
        "id": "order-71",
        "positions": [
            "article-824",
            "article-1093"
        ]
    },
    {
        "id": "order-72",
        "positions": [
            "article-2855",
            "article-364",
            "article-3265"
        ]
    },
    {
        "id": "order-73",
        "positions": [
            "article-116",
            "article-2876",
            "article-3191"
        ]
    },
    {
        "id": "order-74",
        "positions": [
            "article-945",
            "article-3288"
        ]
    },
    {
        "id": "order-75",
        "positions": [
            "article-411",
            "article-3301"
        ]
    },
    {
        "id": "order-76",
        "positions": [
            "article-1184",
            "article-3332"
        ]
    },
    {
        "id": "order-77",
        "positions": [
            "article-1786",
            "article-265"
        ]
    },
    {
        "id": "order-78",
        "positions": [
            "article-1324",
            "article-1705",
            "article-467",
            "article-1460",
            "article-1279"
        ]
    },
    {
        "id": "order-79",
        "positions": [
            "article-2164",
            "article-1727"
        ]
    },
    {
        "id": "order-80",
        "positions": [
            "article-2311",
            "article-2256"
        ]
    },
    {
        "id": "order-81",
        "positions": [
            "article-958",
            "article-23",
            "article-2298"
        ]
    },
    {
        "id": "order-82",
        "positions": [
            "article-1948",
            "article-3022"
        ]
    },
    {
        "id": "order-83",
        "positions": [
            "article-3127",
            "article-2388",
            "article-402"
        ]
    },
    {
        "id": "order-84",
        "positions": [
            "article-1605",
            "article-187"
        ]
    },
    {
        "id": "order-85",
        "positions": [
            "article-869",
            "article-361",
            "article-3071"
        ]
    },
    {
        "id": "order-86",
        "positions": [
            "article-2583",
            "article-1478",
            "article-1613"
        ]
    },
    {
        "id": "order-87",
        "positions": [
            "article-2740",
            "article-858"
        ]
    },
    {
        "id": "order-88",
        "positions": [
            "article-546",
            "article-3",
            "article-1347"
        ]
    },
    {
        "id": "order-89",
        "positions": [
            "article-590",
            "article-2265",
            "article-3058",
            "article-824"
        ]
    },
    {
        "id": "order-90",
        "positions": [
            "article-1251",
            "article-1612",
            "article-363",
            "article-1778"
        ]
    },
    {
        "id": "order-91",
        "positions": [
            "article-2930",
            "article-1194",
            "article-859",
            "article-436",
            "article-2238",
            "article-3233"
        ]
    },
    {
        "id": "order-92",
        "positions": [
            "article-281",
            "article-1824"
        ]
    },
    {
        "id": "order-93",
        "positions": [
            "article-1458",
            "article-1519"
        ]
    },
    {
        "id": "order-94",
        "positions": [
            "article-2405",
            "article-852"
        ]
    },
    {
        "id": "order-95",
        "positions": [
            "article-3099",
            "article-2959"
        ]
    },
    {
        "id": "order-96",
        "positions": [
            "article-2000",
            "article-1707"
        ]
    },
    {
        "id": "order-97",
        "positions": [
            "article-308",
            "article-2066"
        ]
    },
    {
        "id": "order-98",
        "positions": [
            "article-550",
            "article-2052"
        ]
    },
    {
        "id": "order-99",
        "positions": [
            "article-2496",
            "article-177",
            "article-1181"
        ]
    },
    {
        "id": "order-100",
        "positions": [
            "article-1114",
            "article-2022"
        ]
    },
    {
        "id": "order-101",
        "positions": [
            "article-2927",
            "article-1523"
        ]
    },
    {
        "id": "order-102",
        "positions": [
            "article-3110",
            "article-3283",
            "article-2745",
            "article-279",
            "article-466",
            "article-2237"
        ]
    },
    {
        "id": "order-103",
        "positions": [
            "article-842",
            "article-167",
            "article-2934",
            "article-1740",
            "article-2132",
            "article-2461"
        ]
    },
    {
        "id": "order-104",
        "positions": [
            "article-2265",
            "article-1806"
        ]
    },
    {
        "id": "order-105",
        "positions": [
            "article-2659",
            "article-3261",
            "article-2610",
            "article-2597"
        ]
    },
    {
        "id": "order-106",
        "positions": [
            "article-1283",
            "article-2339",
            "article-2251",
            "article-2961"
        ]
    },
    {
        "id": "order-107",
        "positions": [
            "article-2876",
            "article-533",
            "article-1589",
            "article-1828",
            "article-3221"
        ]
    },
    {
        "id": "order-108",
        "positions": [
            "article-1506",
            "article-2422",
            "article-1400",
            "article-2133"
        ]
    },
    {
        "id": "order-109",
        "positions": [
            "article-1185",
            "article-2555",
            "article-2231",
            "article-520"
        ]
    },
    {
        "id": "order-110",
        "positions": [
            "article-460",
            "article-1803",
            "article-2624"
        ]
    },
    {
        "id": "order-111",
        "positions": [
            "article-3286",
            "article-167"
        ]
    },
    {
        "id": "order-112",
        "positions": [
            "article-1146",
            "article-2417"
        ]
    },
    {
        "id": "order-113",
        "positions": [
            "article-2035",
            "article-2662",
            "article-588",
            "article-110"
        ]
    },
    {
        "id": "order-114",
        "positions": [
            "article-2244",
            "article-53",
            "article-1270"
        ]
    },
    {
        "id": "order-115",
        "positions": [
            "article-3024",
            "article-1390",
            "article-2235"
        ]
    },
    {
        "id": "order-116",
        "positions": [
            "article-2295",
            "article-2092",
            "article-2307",
            "article-237"
        ]
    },
    {
        "id": "order-117",
        "positions": [
            "article-110",
            "article-506",
            "article-1679"
        ]
    },
    {
        "id": "order-118",
        "positions": [
            "article-1178",
            "article-340",
            "article-2470"
        ]
    },
    {
        "id": "order-119",
        "positions": [
            "article-3225",
            "article-2906"
        ]
    },
    {
        "id": "order-120",
        "positions": [
            "article-1982",
            "article-1951"
        ]
    },
    {
        "id": "order-121",
        "positions": [
            "article-2222",
            "article-1318",
            "article-343"
        ]
    },
    {
        "id": "order-122",
        "positions": [
            "article-289",
            "article-2835"
        ]
    },
    {
        "id": "order-123",
        "positions": [
            "article-702",
            "article-3239"
        ]
    },
    {
        "id": "order-124",
        "positions": [
            "article-2584",
            "article-1553",
            "article-1055",
            "article-2941"
        ]
    },
    {
        "id": "order-125",
        "positions": [
            "article-734",
            "article-2707",
            "article-1888"
        ]
    },
    {
        "id": "order-126",
        "positions": [
            "article-2649",
            "article-1106",
            "article-1278"
        ]
    },
    {
        "id": "order-127",
        "positions": [
            "article-763",
            "article-3202",
            "article-2133",
            "article-2127"
        ]
    },
    {
        "id": "order-128",
        "positions": [
            "article-1000",
            "article-1644"
        ]
    },
    {
        "id": "order-129",
        "positions": [
            "article-2753",
            "article-879"
        ]
    },
    {
        "id": "order-130",
        "positions": [
            "article-3026",
            "article-3311"
        ]
    },
    {
        "id": "order-131",
        "positions": [
            "article-1147",
            "article-1276"
        ]
    },
    {
        "id": "order-132",
        "positions": [
            "article-1499",
            "article-1388",
            "article-2389",
            "article-1766",
            "article-2055",
            "article-2484"
        ]
    },
    {
        "id": "order-133",
        "positions": [
            "article-251",
            "article-1788",
            "article-2416"
        ]
    },
    {
        "id": "order-134",
        "positions": [
            "article-2520",
            "article-2532"
        ]
    },
    {
        "id": "order-135",
        "positions": [
            "article-1477",
            "article-1354"
        ]
    },
    {
        "id": "order-136",
        "positions": [
            "article-74",
            "article-323",
            "article-708",
            "article-1689"
        ]
    },
    {
        "id": "order-137",
        "positions": [
            "article-1696",
            "article-2491"
        ]
    },
    {
        "id": "order-138",
        "positions": [
            "article-2038",
            "article-349",
            "article-2393"
        ]
    },
    {
        "id": "order-139",
        "positions": [
            "article-27",
            "article-2510"
        ]
    },
    {
        "id": "order-140",
        "positions": [
            "article-1520",
            "article-777",
            "article-77"
        ]
    },
    {
        "id": "order-141",
        "positions": [
            "article-1685",
            "article-2819",
            "article-1193"
        ]
    },
    {
        "id": "order-142",
        "positions": [
            "article-2245",
            "article-1839",
            "article-2061",
            "article-3253"
        ]
    },
    {
        "id": "order-143",
        "positions": [
            "article-1781",
            "article-1338",
            "article-344",
            "article-894",
            "article-486"
        ]
    },
    {
        "id": "order-144",
        "positions": [
            "article-61",
            "article-2727"
        ]
    },
    {
        "id": "order-145",
        "positions": [
            "article-1284",
            "article-417"
        ]
    },
    {
        "id": "order-146",
        "positions": [
            "article-2111",
            "article-3108",
            "article-2537"
        ]
    },
    {
        "id": "order-147",
        "positions": [
            "article-868",
            "article-834"
        ]
    },
    {
        "id": "order-148",
        "positions": [
            "article-2566",
            "article-751"
        ]
    },
    {
        "id": "order-149",
        "positions": [
            "article-2323",
            "article-640"
        ]
    },
    {
        "id": "order-150",
        "positions": [
            "article-1074",
            "article-2663",
            "article-1686"
        ]
    },
    {
        "id": "order-151",
        "positions": [
            "article-2866",
            "article-917"
        ]
    },
    {
        "id": "order-152",
        "positions": [
            "article-3200",
            "article-2184"
        ]
    },
    {
        "id": "order-153",
        "positions": [
            "article-271",
            "article-2724",
            "article-1737"
        ]
    },
    {
        "id": "order-154",
        "positions": [
            "article-1078",
            "article-2170"
        ]
    },
    {
        "id": "order-155",
        "positions": [
            "article-2202",
            "article-2263"
        ]
    },
    {
        "id": "order-156",
        "positions": [
            "article-1038",
            "article-1408"
        ]
    },
    {
        "id": "order-157",
        "positions": [
            "article-3094",
            "article-3109",
            "article-99"
        ]
    },
    {
        "id": "order-158",
        "positions": [
            "article-1918",
            "article-2837"
        ]
    },
    {
        "id": "order-159",
        "positions": [
            "article-583",
            "article-872"
        ]
    },
    {
        "id": "order-160",
        "positions": [
            "article-12",
            "article-847"
        ]
    },
    {
        "id": "order-161",
        "positions": [
            "article-3068",
            "article-2140"
        ]
    },
    {
        "id": "order-162",
        "positions": [
            "article-2839",
            "article-1092"
        ]
    },
    {
        "id": "order-163",
        "positions": [
            "article-1715",
            "article-2959"
        ]
    },
    {
        "id": "order-164",
        "positions": [
            "article-1194",
            "article-1314"
        ]
    },
    {
        "id": "order-165",
        "positions": [
            "article-2407",
            "article-512",
            "article-1071"
        ]
    },
    {
        "id": "order-166",
        "positions": [
            "article-1018",
            "article-741"
        ]
    },
    {
        "id": "order-167",
        "positions": [
            "article-666",
            "article-345",
            "article-2740",
            "article-975"
        ]
    },
    {
        "id": "order-168",
        "positions": [
            "article-1244",
            "article-144",
            "article-3055"
        ]
    },
    {
        "id": "order-169",
        "positions": [
            "article-2341",
            "article-2710"
        ]
    },
    {
        "id": "order-170",
        "positions": [
            "article-3208",
            "article-3234"
        ]
    },
    {
        "id": "order-171",
        "positions": [
            "article-3262",
            "article-2176",
            "article-417",
            "article-1096"
        ]
    },
    {
        "id": "order-172",
        "positions": [
            "article-1162",
            "article-1447",
            "article-90"
        ]
    },
    {
        "id": "order-173",
        "positions": [
            "article-1508",
            "article-425"
        ]
    },
    {
        "id": "order-174",
        "positions": [
            "article-261",
            "article-490",
            "article-574"
        ]
    },
    {
        "id": "order-175",
        "positions": [
            "article-3075",
            "article-1924"
        ]
    },
    {
        "id": "order-176",
        "positions": [
            "article-222",
            "article-1471",
            "article-406",
            "article-2681",
            "article-2124"
        ]
    },
    {
        "id": "order-177",
        "positions": [
            "article-1206",
            "article-565",
            "article-2694",
            "article-211",
            "article-2814"
        ]
    },
    {
        "id": "order-178",
        "positions": [
            "article-2208",
            "article-3096"
        ]
    },
    {
        "id": "order-179",
        "positions": [
            "article-2568",
            "article-2893",
            "article-593",
            "article-2770"
        ]
    },
    {
        "id": "order-180",
        "positions": [
            "article-2639",
            "article-729"
        ]
    },
    {
        "id": "order-181",
        "positions": [
            "article-1163",
            "article-2270"
        ]
    },
    {
        "id": "order-182",
        "positions": [
            "article-378",
            "article-1490",
            "article-357"
        ]
    },
    {
        "id": "order-183",
        "positions": [
            "article-1752",
            "article-1448"
        ]
    },
    {
        "id": "order-184",
        "positions": [
            "article-777",
            "article-2417"
        ]
    },
    {
        "id": "order-185",
        "positions": [
            "article-735",
            "article-2038",
            "article-333"
        ]
    },
    {
        "id": "order-186",
        "positions": [
            "article-2409",
            "article-2105",
            "article-298",
            "article-1595",
            "article-40"
        ]
    },
    {
        "id": "order-187",
        "positions": [
            "article-119",
            "article-296"
        ]
    },
    {
        "id": "order-188",
        "positions": [
            "article-128",
            "article-538"
        ]
    },
    {
        "id": "order-189",
        "positions": [
            "article-679",
            "article-3060"
        ]
    },
    {
        "id": "order-190",
        "positions": [
            "article-2378",
            "article-504",
            "article-3057",
            "article-2440",
            "article-382",
            "article-1443"
        ]
    },
    {
        "id": "order-191",
        "positions": [
            "article-1174",
            "article-3117",
            "article-3023"
        ]
    },
    {
        "id": "order-192",
        "positions": [
            "article-2004",
            "article-1802"
        ]
    },
    {
        "id": "order-193",
        "positions": [
            "article-1277",
            "article-818",
            "article-1239"
        ]
    },
    {
        "id": "order-194",
        "positions": [
            "article-2444",
            "article-1455",
            "article-384",
            "article-3173",
            "article-2186",
            "article-2374"
        ]
    },
    {
        "id": "order-195",
        "positions": [
            "article-935",
            "article-3302",
            "article-627"
        ]
    },
    {
        "id": "order-196",
        "positions": [
            "article-1140",
            "article-130",
            "article-2536",
            "article-2078",
            "article-1176"
        ]
    },
    {
        "id": "order-197",
        "positions": [
            "article-701",
            "article-1553"
        ]
    },
    {
        "id": "order-198",
        "positions": [
            "article-774",
            "article-1416",
            "article-2458"
        ]
    },
    {
        "id": "order-199",
        "positions": [
            "article-2228",
            "article-2111",
            "article-1642",
            "article-3330",
            "article-1983"
        ]
    },
    {
        "id": "order-200",
        "positions": [
            "article-415",
            "article-914",
            "article-2936",
            "article-3065",
            "article-2704"
        ]
    },
    {
        "id": "order-201",
        "positions": [
            "article-1863",
            "article-565",
            "article-1953"
        ]
    },
    {
        "id": "order-202",
        "positions": [
            "article-2701",
            "article-354"
        ]
    },
    {
        "id": "order-203",
        "positions": [
            "article-687",
            "article-1469",
            "article-2900"
        ]
    },
    {
        "id": "order-204",
        "positions": [
            "article-234",
            "article-2986",
            "article-2436",
            "article-1759"
        ]
    },
    {
        "id": "order-205",
        "positions": [
            "article-3287",
            "article-471"
        ]
    },
    {
        "id": "order-206",
        "positions": [
            "article-2985",
            "article-610",
            "article-2619",
            "article-3117"
        ]
    },
    {
        "id": "order-207",
        "positions": [
            "article-2356",
            "article-1701"
        ]
    },
    {
        "id": "order-208",
        "positions": [
            "article-1522",
            "article-1991"
        ]
    },
    {
        "id": "order-209",
        "positions": [
            "article-220",
            "article-413"
        ]
    },
    {
        "id": "order-210",
        "positions": [
            "article-2579",
            "article-385"
        ]
    },
    {
        "id": "order-211",
        "positions": [
            "article-3246",
            "article-1110",
            "article-2567"
        ]
    },
    {
        "id": "order-212",
        "positions": [
            "article-1910",
            "article-2806"
        ]
    },
    {
        "id": "order-213",
        "positions": [
            "article-920",
            "article-837"
        ]
    },
    {
        "id": "order-214",
        "positions": [
            "article-2837",
            "article-17",
            "article-2717",
            "article-901"
        ]
    },
    {
        "id": "order-215",
        "positions": [
            "article-2835",
            "article-700"
        ]
    },
    {
        "id": "order-216",
        "positions": [
            "article-1509",
            "article-980"
        ]
    },
    {
        "id": "order-217",
        "positions": [
            "article-694",
            "article-2574"
        ]
    },
    {
        "id": "order-218",
        "positions": [
            "article-2223",
            "article-1577",
            "article-845",
            "article-1099"
        ]
    },
    {
        "id": "order-219",
        "positions": [
            "article-3036",
            "article-3186",
            "article-1097"
        ]
    },
    {
        "id": "order-220",
        "positions": [
            "article-1825",
            "article-3180"
        ]
    },
    {
        "id": "order-221",
        "positions": [
            "article-32",
            "article-3206",
            "article-588",
            "article-1130"
        ]
    },
    {
        "id": "order-222",
        "positions": [
            "article-2881",
            "article-2939"
        ]
    },
    {
        "id": "order-223",
        "positions": [
            "article-67",
            "article-1037"
        ]
    },
    {
        "id": "order-224",
        "positions": [
            "article-647",
            "article-710"
        ]
    },
    {
        "id": "order-225",
        "positions": [
            "article-1419",
            "article-3321",
            "article-2153"
        ]
    },
    {
        "id": "order-226",
        "positions": [
            "article-1305",
            "article-1505",
            "article-3194"
        ]
    },
    {
        "id": "order-227",
        "positions": [
            "article-3311",
            "article-567",
            "article-2735"
        ]
    },
    {
        "id": "order-228",
        "positions": [
            "article-1724",
            "article-635",
            "article-1390"
        ]
    },
    {
        "id": "order-229",
        "positions": [
            "article-2643",
            "article-1635"
        ]
    },
    {
        "id": "order-230",
        "positions": [
            "article-599",
            "article-3282",
            "article-2829"
        ]
    },
    {
        "id": "order-231",
        "positions": [
            "article-3317",
            "article-2655",
            "article-1097"
        ]
    },
    {
        "id": "order-232",
        "positions": [
            "article-1243",
            "article-2990"
        ]
    },
    {
        "id": "order-233",
        "positions": [
            "article-915",
            "article-2021",
            "article-2247"
        ]
    },
    {
        "id": "order-234",
        "positions": [
            "article-189",
            "article-1811",
            "article-2296"
        ]
    },
    {
        "id": "order-235",
        "positions": [
            "article-1707",
            "article-3108"
        ]
    },
    {
        "id": "order-236",
        "positions": [
            "article-2949",
            "article-1702"
        ]
    },
    {
        "id": "order-237",
        "positions": [
            "article-2819",
            "article-1604",
            "article-450",
            "article-3300"
        ]
    },
    {
        "id": "order-238",
        "positions": [
            "article-249",
            "article-1311"
        ]
    },
    {
        "id": "order-239",
        "positions": [
            "article-1422",
            "article-203",
            "article-2604",
            "article-478"
        ]
    },
    {
        "id": "order-240",
        "positions": [
            "article-727",
            "article-1851"
        ]
    },
    {
        "id": "order-241",
        "positions": [
            "article-1627",
            "article-2821",
            "article-2056",
            "article-95"
        ]
    },
    {
        "id": "order-242",
        "positions": [
            "article-2845",
            "article-835"
        ]
    },
    {
        "id": "order-243",
        "positions": [
            "article-297",
            "article-2605",
            "article-2442"
        ]
    },
    {
        "id": "order-244",
        "positions": [
            "article-2094",
            "article-1649"
        ]
    },
    {
        "id": "order-245",
        "positions": [
            "article-2221",
            "article-2398",
            "article-87"
        ]
    },
    {
        "id": "order-246",
        "positions": [
            "article-268",
            "article-1987",
            "article-1323"
        ]
    },
    {
        "id": "order-247",
        "positions": [
            "article-804",
            "article-2670"
        ]
    },
    {
        "id": "order-248",
        "positions": [
            "article-681",
            "article-1880",
            "article-762",
            "article-724"
        ]
    },
    {
        "id": "order-249",
        "positions": [
            "article-2141",
            "article-2869",
            "article-952",
            "article-1771"
        ]
    },
    {
        "id": "order-250",
        "positions": [
            "article-102",
            "article-2092",
            "article-3256",
            "article-1134"
        ]
    },
    {
        "id": "order-251",
        "positions": [
            "article-2435",
            "article-492",
            "article-3241",
            "article-827",
            "article-2890",
            "article-1849"
        ]
    },
    {
        "id": "order-252",
        "positions": [
            "article-2512",
            "article-2981"
        ]
    },
    {
        "id": "order-253",
        "positions": [
            "article-109",
            "article-1690"
        ]
    },
    {
        "id": "order-254",
        "positions": [
            "article-2817",
            "article-2067"
        ]
    },
    {
        "id": "order-255",
        "positions": [
            "article-42",
            "article-1635",
            "article-3159",
            "article-1801"
        ]
    },
    {
        "id": "order-256",
        "positions": [
            "article-947",
            "article-259"
        ]
    },
    {
        "id": "order-257",
        "positions": [
            "article-2871",
            "article-1599"
        ]
    },
    {
        "id": "order-258",
        "positions": [
            "article-141",
            "article-3255",
            "article-1277"
        ]
    },
    {
        "id": "order-259",
        "positions": [
            "article-1547",
            "article-1490"
        ]
    },
    {
        "id": "order-260",
        "positions": [
            "article-2744",
            "article-767"
        ]
    },
    {
        "id": "order-261",
        "positions": [
            "article-2792",
            "article-2531"
        ]
    },
    {
        "id": "order-262",
        "positions": [
            "article-673",
            "article-2074"
        ]
    },
    {
        "id": "order-263",
        "positions": [
            "article-1496",
            "article-511"
        ]
    },
    {
        "id": "order-264",
        "positions": [
            "article-259",
            "article-2641"
        ]
    },
    {
        "id": "order-265",
        "positions": [
            "article-1440",
            "article-557"
        ]
    },
    {
        "id": "order-266",
        "positions": [
            "article-1897",
            "article-2799",
            "article-1184",
            "article-2141"
        ]
    },
    {
        "id": "order-267",
        "positions": [
            "article-371",
            "article-1063"
        ]
    },
    {
        "id": "order-268",
        "positions": [
            "article-1306",
            "article-618",
            "article-1914",
            "article-462",
            "article-1258"
        ]
    },
    {
        "id": "order-269",
        "positions": [
            "article-2007",
            "article-2069",
            "article-2192"
        ]
    },
    {
        "id": "order-270",
        "positions": [
            "article-411",
            "article-1618",
            "article-2686"
        ]
    },
    {
        "id": "order-271",
        "positions": [
            "article-213",
            "article-714",
            "article-3278",
            "article-146"
        ]
    },
    {
        "id": "order-272",
        "positions": [
            "article-3057",
            "article-1369",
            "article-865"
        ]
    },
    {
        "id": "order-273",
        "positions": [
            "article-1630",
            "article-2046"
        ]
    },
    {
        "id": "order-274",
        "positions": [
            "article-3157",
            "article-3030"
        ]
    },
    {
        "id": "order-275",
        "positions": [
            "article-2908",
            "article-1909"
        ]
    },
    {
        "id": "order-276",
        "positions": [
            "article-1779",
            "article-2184"
        ]
    },
    {
        "id": "order-277",
        "positions": [
            "article-271",
            "article-1076",
            "article-802",
            "article-2477"
        ]
    },
    {
        "id": "order-278",
        "positions": [
            "article-1888",
            "article-990"
        ]
    },
    {
        "id": "order-279",
        "positions": [
            "article-1867",
            "article-2708"
        ]
    },
    {
        "id": "order-280",
        "positions": [
            "article-1869",
            "article-1248",
            "article-2151"
        ]
    },
    {
        "id": "order-281",
        "positions": [
            "article-2660",
            "article-1009",
            "article-222"
        ]
    },
    {
        "id": "order-282",
        "positions": [
            "article-1040",
            "article-2306",
            "article-412",
            "article-166"
        ]
    },
    {
        "id": "order-283",
        "positions": [
            "article-3092",
            "article-2342"
        ]
    },
    {
        "id": "order-284",
        "positions": [
            "article-217",
            "article-1714",
            "article-2855",
            "article-2248"
        ]
    },
    {
        "id": "order-285",
        "positions": [
            "article-2371",
            "article-2609"
        ]
    },
    {
        "id": "order-286",
        "positions": [
            "article-831",
            "article-2823"
        ]
    },
    {
        "id": "order-287",
        "positions": [
            "article-1137",
            "article-3329",
            "article-1090",
            "article-515",
            "article-2702",
            "article-2786"
        ]
    },
    {
        "id": "order-288",
        "positions": [
            "article-2715",
            "article-1417"
        ]
    },
    {
        "id": "order-289",
        "positions": [
            "article-303",
            "article-3260",
            "article-2579",
            "article-2412"
        ]
    },
    {
        "id": "order-290",
        "positions": [
            "article-424",
            "article-2935",
            "article-1615"
        ]
    },
    {
        "id": "order-291",
        "positions": [
            "article-295",
            "article-38"
        ]
    },
    {
        "id": "order-292",
        "positions": [
            "article-1212",
            "article-1685"
        ]
    },
    {
        "id": "order-293",
        "positions": [
            "article-663",
            "article-1795"
        ]
    },
    {
        "id": "order-294",
        "positions": [
            "article-615",
            "article-1513"
        ]
    },
    {
        "id": "order-295",
        "positions": [
            "article-1653",
            "article-3274",
            "article-205"
        ]
    },
    {
        "id": "order-296",
        "positions": [
            "article-3297",
            "article-1301"
        ]
    },
    {
        "id": "order-297",
        "positions": [
            "article-1818",
            "article-1296"
        ]
    },
    {
        "id": "order-298",
        "positions": [
            "article-929",
            "article-2469"
        ]
    },
    {
        "id": "order-299",
        "positions": [
            "article-2924",
            "article-452",
            "article-2846"
        ]
    },
    {
        "id": "order-300",
        "positions": [
            "article-1945",
            "article-548"
        ]
    },
    {
        "id": "order-301",
        "positions": [
            "article-1055",
            "article-2755",
            "article-3086"
        ]
    },
    {
        "id": "order-302",
        "positions": [
            "article-495",
            "article-50"
        ]
    },
    {
        "id": "order-303",
        "positions": [
            "article-2201",
            "article-2096"
        ]
    },
    {
        "id": "order-304",
        "positions": [
            "article-578",
            "article-30"
        ]
    },
    {
        "id": "order-305",
        "positions": [
            "article-1402",
            "article-2079"
        ]
    },
    {
        "id": "order-306",
        "positions": [
            "article-348",
            "article-864"
        ]
    },
    {
        "id": "order-307",
        "positions": [
            "article-1027",
            "article-945",
            "article-1934"
        ]
    },
    {
        "id": "order-308",
        "positions": [
            "article-1284",
            "article-1372"
        ]
    },
    {
        "id": "order-309",
        "positions": [
            "article-449",
            "article-1982",
            "article-640"
        ]
    },
    {
        "id": "order-310",
        "positions": [
            "article-11",
            "article-1447",
            "article-2815"
        ]
    },
    {
        "id": "order-311",
        "positions": [
            "article-686",
            "article-429"
        ]
    },
    {
        "id": "order-312",
        "positions": [
            "article-106",
            "article-2832",
            "article-2506"
        ]
    },
    {
        "id": "order-313",
        "positions": [
            "article-622",
            "article-2581"
        ]
    },
    {
        "id": "order-314",
        "positions": [
            "article-1561",
            "article-91",
            "article-2472"
        ]
    },
    {
        "id": "order-315",
        "positions": [
            "article-789",
            "article-886"
        ]
    },
    {
        "id": "order-316",
        "positions": [
            "article-421",
            "article-1442",
            "article-464"
        ]
    },
    {
        "id": "order-317",
        "positions": [
            "article-1695",
            "article-2411",
            "article-2760"
        ]
    },
    {
        "id": "order-318",
        "positions": [
            "article-427",
            "article-1314"
        ]
    },
    {
        "id": "order-319",
        "positions": [
            "article-1479",
            "article-339"
        ]
    },
    {
        "id": "order-320",
        "positions": [
            "article-787",
            "article-192"
        ]
    },
    {
        "id": "order-321",
        "positions": [
            "article-190",
            "article-896"
        ]
    },
    {
        "id": "order-322",
        "positions": [
            "article-1142",
            "article-307"
        ]
    },
    {
        "id": "order-323",
        "positions": [
            "article-2774",
            "article-1878"
        ]
    },
    {
        "id": "order-324",
        "positions": [
            "article-1885",
            "article-1982",
            "article-2358"
        ]
    },
    {
        "id": "order-325",
        "positions": [
            "article-134",
            "article-1376"
        ]
    },
    {
        "id": "order-326",
        "positions": [
            "article-2762",
            "article-2078"
        ]
    },
    {
        "id": "order-327",
        "positions": [
            "article-1590",
            "article-2147"
        ]
    },
    {
        "id": "order-328",
        "positions": [
            "article-2987",
            "article-3322",
            "article-2912"
        ]
    },
    {
        "id": "order-329",
        "positions": [
            "article-79",
            "article-1610",
            "article-2896"
        ]
    },
    {
        "id": "order-330",
        "positions": [
            "article-2636",
            "article-1576"
        ]
    },
    {
        "id": "order-331",
        "positions": [
            "article-392",
            "article-3039"
        ]
    },
    {
        "id": "order-332",
        "positions": [
            "article-1926",
            "article-3124"
        ]
    },
    {
        "id": "order-333",
        "positions": [
            "article-894",
            "article-3240",
            "article-122"
        ]
    },
    {
        "id": "order-334",
        "positions": [
            "article-3240",
            "article-917"
        ]
    },
    {
        "id": "order-335",
        "positions": [
            "article-817",
            "article-1319"
        ]
    },
    {
        "id": "order-336",
        "positions": [
            "article-1290",
            "article-1651",
            "article-1707",
            "article-1062",
            "article-1424"
        ]
    },
    {
        "id": "order-337",
        "positions": [
            "article-2763",
            "article-1581"
        ]
    },
    {
        "id": "order-338",
        "positions": [
            "article-1191",
            "article-1529"
        ]
    },
    {
        "id": "order-339",
        "positions": [
            "article-2483",
            "article-672",
            "article-1664"
        ]
    },
    {
        "id": "order-340",
        "positions": [
            "article-2711",
            "article-1733"
        ]
    },
    {
        "id": "order-341",
        "positions": [
            "article-2933",
            "article-2084"
        ]
    },
    {
        "id": "order-342",
        "positions": [
            "article-2087",
            "article-2368"
        ]
    },
    {
        "id": "order-343",
        "positions": [
            "article-996",
            "article-1016"
        ]
    },
    {
        "id": "order-344",
        "positions": [
            "article-2",
            "article-9"
        ]
    },
    {
        "id": "order-345",
        "positions": [
            "article-753",
            "article-920",
            "article-1478"
        ]
    },
    {
        "id": "order-346",
        "positions": [
            "article-3233",
            "article-1836"
        ]
    },
    {
        "id": "order-347",
        "positions": [
            "article-1603",
            "article-807"
        ]
    },
    {
        "id": "order-348",
        "positions": [
            "article-2479",
            "article-1856",
            "article-1932",
            "article-1769"
        ]
    },
    {
        "id": "order-349",
        "positions": [
            "article-2055",
            "article-1767",
            "article-1650"
        ]
    },
    {
        "id": "order-350",
        "positions": [
            "article-1678",
            "article-234"
        ]
    },
    {
        "id": "order-351",
        "positions": [
            "article-2144",
            "article-2891"
        ]
    },
    {
        "id": "order-352",
        "positions": [
            "article-3285",
            "article-1958",
            "article-314",
            "article-1452"
        ]
    },
    {
        "id": "order-353",
        "positions": [
            "article-179",
            "article-2966",
            "article-2540"
        ]
    },
    {
        "id": "order-354",
        "positions": [
            "article-2892",
            "article-963",
            "article-1541",
            "article-1515"
        ]
    },
    {
        "id": "order-355",
        "positions": [
            "article-1633",
            "article-1000",
            "article-1525"
        ]
    },
    {
        "id": "order-356",
        "positions": [
            "article-2315",
            "article-686"
        ]
    },
    {
        "id": "order-357",
        "positions": [
            "article-293",
            "article-895",
            "article-2666"
        ]
    },
    {
        "id": "order-358",
        "positions": [
            "article-1713",
            "article-2813"
        ]
    },
    {
        "id": "order-359",
        "positions": [
            "article-392",
            "article-624"
        ]
    },
    {
        "id": "order-360",
        "positions": [
            "article-2625",
            "article-719",
            "article-1134",
            "article-1120"
        ]
    },
    {
        "id": "order-361",
        "positions": [
            "article-527",
            "article-1493"
        ]
    },
    {
        "id": "order-362",
        "positions": [
            "article-1963",
            "article-1263",
            "article-683",
            "article-458",
            "article-648",
            "article-1680"
        ]
    },
    {
        "id": "order-363",
        "positions": [
            "article-1713",
            "article-1941"
        ]
    },
    {
        "id": "order-364",
        "positions": [
            "article-3022",
            "article-269",
            "article-1399"
        ]
    },
    {
        "id": "order-365",
        "positions": [
            "article-301",
            "article-2122",
            "article-2552"
        ]
    },
    {
        "id": "order-366",
        "positions": [
            "article-1692",
            "article-2465"
        ]
    },
    {
        "id": "order-367",
        "positions": [
            "article-414",
            "article-90",
            "article-2484"
        ]
    },
    {
        "id": "order-368",
        "positions": [
            "article-2791",
            "article-2806",
            "article-660",
            "article-1895"
        ]
    },
    {
        "id": "order-369",
        "positions": [
            "article-2242",
            "article-3259",
            "article-3280"
        ]
    },
    {
        "id": "order-370",
        "positions": [
            "article-712",
            "article-3044",
            "article-3044",
            "article-1092"
        ]
    },
    {
        "id": "order-371",
        "positions": [
            "article-820",
            "article-3055"
        ]
    },
    {
        "id": "order-372",
        "positions": [
            "article-1820",
            "article-248"
        ]
    },
    {
        "id": "order-373",
        "positions": [
            "article-1929",
            "article-141",
            "article-1085"
        ]
    },
    {
        "id": "order-374",
        "positions": [
            "article-1689",
            "article-922"
        ]
    },
    {
        "id": "order-375",
        "positions": [
            "article-520",
            "article-2181"
        ]
    },
    {
        "id": "order-376",
        "positions": [
            "article-1455",
            "article-58",
            "article-876",
            "article-609"
        ]
    },
    {
        "id": "order-377",
        "positions": [
            "article-2994",
            "article-2720",
            "article-2397"
        ]
    },
    {
        "id": "order-378",
        "positions": [
            "article-1046",
            "article-1704"
        ]
    },
    {
        "id": "order-379",
        "positions": [
            "article-2104",
            "article-2460"
        ]
    },
    {
        "id": "order-380",
        "positions": [
            "article-902",
            "article-1199",
            "article-2157"
        ]
    },
    {
        "id": "order-381",
        "positions": [
            "article-578",
            "article-1139",
            "article-2633",
            "article-2053"
        ]
    },
    {
        "id": "order-382",
        "positions": [
            "article-420",
            "article-1624",
            "article-1847"
        ]
    },
    {
        "id": "order-383",
        "positions": [
            "article-656",
            "article-2329",
            "article-2662"
        ]
    },
    {
        "id": "order-384",
        "positions": [
            "article-955",
            "article-2068",
            "article-2629"
        ]
    },
    {
        "id": "order-385",
        "positions": [
            "article-3053",
            "article-1383",
            "article-1754"
        ]
    },
    {
        "id": "order-386",
        "positions": [
            "article-1748",
            "article-1843",
            "article-1282"
        ]
    },
    {
        "id": "order-387",
        "positions": [
            "article-1296",
            "article-1341"
        ]
    },
    {
        "id": "order-388",
        "positions": [
            "article-2189",
            "article-126",
            "article-579"
        ]
    },
    {
        "id": "order-389",
        "positions": [
            "article-831",
            "article-1987"
        ]
    },
    {
        "id": "order-390",
        "positions": [
            "article-2666",
            "article-966",
            "article-2605"
        ]
    },
    {
        "id": "order-391",
        "positions": [
            "article-178",
            "article-1766"
        ]
    },
    {
        "id": "order-392",
        "positions": [
            "article-1050",
            "article-971",
            "article-3138"
        ]
    },
    {
        "id": "order-393",
        "positions": [
            "article-346",
            "article-1154"
        ]
    },
    {
        "id": "order-394",
        "positions": [
            "article-2076",
            "article-1314",
            "article-3247"
        ]
    },
    {
        "id": "order-395",
        "positions": [
            "article-756",
            "article-2043",
            "article-2515"
        ]
    },
    {
        "id": "order-396",
        "positions": [
            "article-1145",
            "article-325"
        ]
    },
    {
        "id": "order-397",
        "positions": [
            "article-2024",
            "article-3116",
            "article-1438"
        ]
    },
    {
        "id": "order-398",
        "positions": [
            "article-3233",
            "article-59"
        ]
    },
    {
        "id": "order-399",
        "positions": [
            "article-2258",
            "article-368",
            "article-2660"
        ]
    },
    {
        "id": "order-400",
        "positions": [
            "article-217",
            "article-222",
            "article-1080"
        ]
    },
    {
        "id": "order-401",
        "positions": [
            "article-1044",
            "article-1698"
        ]
    },
    {
        "id": "order-402",
        "positions": [
            "article-2780",
            "article-2262",
            "article-374"
        ]
    },
    {
        "id": "order-403",
        "positions": [
            "article-3145",
            "article-1770",
            "article-2201"
        ]
    },
    {
        "id": "order-404",
        "positions": [
            "article-1980",
            "article-2254"
        ]
    },
    {
        "id": "order-405",
        "positions": [
            "article-1588",
            "article-469",
            "article-1854"
        ]
    },
    {
        "id": "order-406",
        "positions": [
            "article-1710",
            "article-2466"
        ]
    },
    {
        "id": "order-407",
        "positions": [
            "article-1981",
            "article-1101",
            "article-86"
        ]
    },
    {
        "id": "order-408",
        "positions": [
            "article-1407",
            "article-1383"
        ]
    },
    {
        "id": "order-409",
        "positions": [
            "article-3057",
            "article-74",
            "article-141",
            "article-2648",
            "article-2037",
            "article-528"
        ]
    },
    {
        "id": "order-410",
        "positions": [
            "article-2902",
            "article-1121"
        ]
    },
    {
        "id": "order-411",
        "positions": [
            "article-315",
            "article-2634"
        ]
    },
    {
        "id": "order-412",
        "positions": [
            "article-2163",
            "article-2867"
        ]
    },
    {
        "id": "order-413",
        "positions": [
            "article-655",
            "article-2585",
            "article-2164"
        ]
    },
    {
        "id": "order-414",
        "positions": [
            "article-1773",
            "article-1756"
        ]
    },
    {
        "id": "order-415",
        "positions": [
            "article-230",
            "article-1150"
        ]
    },
    {
        "id": "order-416",
        "positions": [
            "article-2182",
            "article-1634",
            "article-2371"
        ]
    },
    {
        "id": "order-417",
        "positions": [
            "article-2097",
            "article-575",
            "article-1170"
        ]
    },
    {
        "id": "order-418",
        "positions": [
            "article-424",
            "article-3033"
        ]
    },
    {
        "id": "order-419",
        "positions": [
            "article-2561",
            "article-2971"
        ]
    },
    {
        "id": "order-420",
        "positions": [
            "article-571",
            "article-1161"
        ]
    },
    {
        "id": "order-421",
        "positions": [
            "article-1650",
            "article-187"
        ]
    },
    {
        "id": "order-422",
        "positions": [
            "article-1518",
            "article-48"
        ]
    },
    {
        "id": "order-423",
        "positions": [
            "article-765",
            "article-1382",
            "article-2744",
            "article-1346",
            "article-2645"
        ]
    },
    {
        "id": "order-424",
        "positions": [
            "article-97",
            "article-2729"
        ]
    },
    {
        "id": "order-425",
        "positions": [
            "article-602",
            "article-846"
        ]
    },
    {
        "id": "order-426",
        "positions": [
            "article-751",
            "article-1095"
        ]
    },
    {
        "id": "order-427",
        "positions": [
            "article-2252",
            "article-55"
        ]
    },
    {
        "id": "order-428",
        "positions": [
            "article-1287",
            "article-529"
        ]
    },
    {
        "id": "order-429",
        "positions": [
            "article-2589",
            "article-2040"
        ]
    },
    {
        "id": "order-430",
        "positions": [
            "article-2146",
            "article-686"
        ]
    },
    {
        "id": "order-431",
        "positions": [
            "article-649",
            "article-88"
        ]
    },
    {
        "id": "order-432",
        "positions": [
            "article-2845",
            "article-2621"
        ]
    },
    {
        "id": "order-433",
        "positions": [
            "article-1476",
            "article-406",
            "article-944",
            "article-1411"
        ]
    },
    {
        "id": "order-434",
        "positions": [
            "article-2847",
            "article-2869"
        ]
    },
    {
        "id": "order-435",
        "positions": [
            "article-1532",
            "article-2522"
        ]
    },
    {
        "id": "order-436",
        "positions": [
            "article-2245",
            "article-2756",
            "article-2215",
            "article-2618"
        ]
    },
    {
        "id": "order-437",
        "positions": [
            "article-1441",
            "article-742",
            "article-1312"
        ]
    },
    {
        "id": "order-438",
        "positions": [
            "article-2072",
            "article-9",
            "article-2724"
        ]
    },
    {
        "id": "order-439",
        "positions": [
            "article-1174",
            "article-2457",
            "article-1058"
        ]
    },
    {
        "id": "order-440",
        "positions": [
            "article-2628",
            "article-762",
            "article-2708",
            "article-91"
        ]
    },
    {
        "id": "order-441",
        "positions": [
            "article-2598",
            "article-2999",
            "article-1186"
        ]
    },
    {
        "id": "order-442",
        "positions": [
            "article-761",
            "article-3068"
        ]
    },
    {
        "id": "order-443",
        "positions": [
            "article-2641",
            "article-1653",
            "article-1374"
        ]
    },
    {
        "id": "order-444",
        "positions": [
            "article-1791",
            "article-649"
        ]
    },
    {
        "id": "order-445",
        "positions": [
            "article-2489",
            "article-2343",
            "article-1094"
        ]
    },
    {
        "id": "order-446",
        "positions": [
            "article-2269",
            "article-2314",
            "article-2085",
            "article-1431"
        ]
    },
    {
        "id": "order-447",
        "positions": [
            "article-1332",
            "article-1942",
            "article-2903"
        ]
    },
    {
        "id": "order-448",
        "positions": [
            "article-138",
            "article-2697",
            "article-1862"
        ]
    },
    {
        "id": "order-449",
        "positions": [
            "article-769",
            "article-381"
        ]
    },
    {
        "id": "order-450",
        "positions": [
            "article-606",
            "article-1064",
            "article-521",
            "article-783"
        ]
    },
    {
        "id": "order-451",
        "positions": [
            "article-2860",
            "article-445",
            "article-1118"
        ]
    },
    {
        "id": "order-452",
        "positions": [
            "article-1411",
            "article-1626"
        ]
    },
    {
        "id": "order-453",
        "positions": [
            "article-1047",
            "article-2906"
        ]
    },
    {
        "id": "order-454",
        "positions": [
            "article-614",
            "article-1468",
            "article-1738"
        ]
    },
    {
        "id": "order-455",
        "positions": [
            "article-500",
            "article-2516",
            "article-384"
        ]
    },
    {
        "id": "order-456",
        "positions": [
            "article-996",
            "article-3264"
        ]
    },
    {
        "id": "order-457",
        "positions": [
            "article-1122",
            "article-414",
            "article-2820"
        ]
    },
    {
        "id": "order-458",
        "positions": [
            "article-2729",
            "article-3212",
            "article-2387"
        ]
    },
    {
        "id": "order-459",
        "positions": [
            "article-306",
            "article-1406",
            "article-2836"
        ]
    },
    {
        "id": "order-460",
        "positions": [
            "article-650",
            "article-3198",
            "article-3019",
            "article-426"
        ]
    },
    {
        "id": "order-461",
        "positions": [
            "article-1369",
            "article-2219",
            "article-2077"
        ]
    },
    {
        "id": "order-462",
        "positions": [
            "article-2706",
            "article-122"
        ]
    },
    {
        "id": "order-463",
        "positions": [
            "article-1430",
            "article-687",
            "article-2896",
            "article-709"
        ]
    },
    {
        "id": "order-464",
        "positions": [
            "article-764",
            "article-107"
        ]
    },
    {
        "id": "order-465",
        "positions": [
            "article-848",
            "article-950"
        ]
    },
    {
        "id": "order-466",
        "positions": [
            "article-941",
            "article-386",
            "article-1923",
            "article-186"
        ]
    },
    {
        "id": "order-467",
        "positions": [
            "article-631",
            "article-2383"
        ]
    },
    {
        "id": "order-468",
        "positions": [
            "article-1633",
            "article-2422"
        ]
    },
    {
        "id": "order-469",
        "positions": [
            "article-1597",
            "article-1850",
            "article-964"
        ]
    },
    {
        "id": "order-470",
        "positions": [
            "article-2541",
            "article-2577"
        ]
    },
    {
        "id": "order-471",
        "positions": [
            "article-3039",
            "article-3323"
        ]
    },
    {
        "id": "order-472",
        "positions": [
            "article-2521",
            "article-402"
        ]
    },
    {
        "id": "order-473",
        "positions": [
            "article-812",
            "article-608"
        ]
    },
    {
        "id": "order-474",
        "positions": [
            "article-2246",
            "article-2140",
            "article-2875",
            "article-2503"
        ]
    },
    {
        "id": "order-475",
        "positions": [
            "article-871",
            "article-2526"
        ]
    },
    {
        "id": "order-476",
        "positions": [
            "article-2179",
            "article-2357"
        ]
    },
    {
        "id": "order-477",
        "positions": [
            "article-1354",
            "article-1654",
            "article-1108",
            "article-1258"
        ]
    },
    {
        "id": "order-478",
        "positions": [
            "article-121",
            "article-2166",
            "article-1816"
        ]
    },
    {
        "id": "order-479",
        "positions": [
            "article-2927",
            "article-1303",
            "article-1061"
        ]
    },
    {
        "id": "order-480",
        "positions": [
            "article-2205",
            "article-2757"
        ]
    },
    {
        "id": "order-481",
        "positions": [
            "article-664",
            "article-120",
            "article-1516"
        ]
    },
    {
        "id": "order-482",
        "positions": [
            "article-583",
            "article-1681",
            "article-2123",
            "article-1200"
        ]
    },
    {
        "id": "order-483",
        "positions": [
            "article-881",
            "article-1100"
        ]
    },
    {
        "id": "order-484",
        "positions": [
            "article-2781",
            "article-1132",
            "article-3142",
            "article-1177"
        ]
    },
    {
        "id": "order-485",
        "positions": [
            "article-1590",
            "article-1303"
        ]
    },
    {
        "id": "order-486",
        "positions": [
            "article-1251",
            "article-3195",
            "article-1625"
        ]
    },
    {
        "id": "order-487",
        "positions": [
            "article-500",
            "article-3070",
            "article-1468",
            "article-402",
            "article-850"
        ]
    },
    {
        "id": "order-488",
        "positions": [
            "article-1444",
            "article-752"
        ]
    },
    {
        "id": "order-489",
        "positions": [
            "article-36",
            "article-1644"
        ]
    },
    {
        "id": "order-490",
        "positions": [
            "article-967",
            "article-611",
            "article-1978",
            "article-235",
            "article-718"
        ]
    },
    {
        "id": "order-491",
        "positions": [
            "article-2601",
            "article-2351",
            "article-3170"
        ]
    },
    {
        "id": "order-492",
        "positions": [
            "article-471",
            "article-1870"
        ]
    },
    {
        "id": "order-493",
        "positions": [
            "article-877",
            "article-1730"
        ]
    },
    {
        "id": "order-494",
        "positions": [
            "article-2748",
            "article-2573",
            "article-2427"
        ]
    },
    {
        "id": "order-495",
        "positions": [
            "article-2713",
            "article-3018",
            "article-1134",
            "article-1438"
        ]
    },
    {
        "id": "order-496",
        "positions": [
            "article-460",
            "article-1344"
        ]
    },
    {
        "id": "order-497",
        "positions": [
            "article-521",
            "article-3143"
        ]
    },
    {
        "id": "order-498",
        "positions": [
            "article-894",
            "article-2561",
            "article-341"
        ]
    },
    {
        "id": "order-499",
        "positions": [
            "article-2691",
            "article-2767"
        ]
    }
]